taste_jazz,taste_classical,taste_blues,taste_pop,taste_country,taste_raegge,income,nbhood_avg_income,education,nbhood_avg_education,nhood_crime,nbhood_unemployment,nhbood_avg_temp,nhbood_pop,nhbood_nr_lights,nhbood_nr_pizzerias,city_avg_taste_jazz,city_avg_taste_classical,city_avg_taste_blues,city_avg_taste_pop,city_avg_taste_country,city_avg_taste_raegge,taste_film_action,taste_film_romcom,taste_film_documentary
0.513653282995733,1.90342421876497,0.78197327785742,-0.993733900175244,-0.64507671750378,-1.1966724203476,0.562209481609707,0.98171915781851,0.0868642933976506,0.215056610970537,-0.518993631159727,-0.0422042539408256,-5.98050316032821,9.97384874511869,10.7786423705385,16.8365245727492,8.83083578073342,9.25904043130586,8.22554821648641,11.4855702064622,10.5631661069471,11.0914735912433,0.0238938685159868,-0.198936509236444,0.480646518544361
-0.93894522865373,-0.20472682300273,-1.6059446188624,1.4384919831298,1.41368832000111,1.32093162013884,0.472578586159077,0.508645905651995,0.14427668084511,-0.0757746900811944,-0.832235032497768,0.0236573713087327,-0.868522829260312,9.51468299148416,7.08116494475476,2.65457334165523,11.7638440320219,11.6198399734942,9.45129342489712,9.45519318347068,8.48247356885434,9.15016838302334,1.26598415816037,0.0612903652354085,-1.16063128077582
-0.899988502447063,-0.715177304756306,-0.408430205454779,0.301362830328205,0.142640513330643,-0.68880499854799,-0.771901076502848,-1.41321636766968,-1.08261272500993,-1.29076342929722,0.223641796889574,0.180028900596127,11.1616861153595,9.90438321572099,-0.972756987202935,7.94647115157583,10.298566728489,9.27828792988754,9.04456158273491,10.3535414266868,11.0501668745898,10.8097679449784,0.806602366663467,0.0154438059238449,-1.2464962451309
2.16521369306762,1.77477993350712,2.23099731421433,-2.32315478567412,-2.46072194313605,-3.09946977877027,0.0369430266689791,-0.102880312980805,0.284527886932976,0.493120336329154,-0.389276510553532,-0.452479023990327,8.90099851000116,-0.294093809191219,14.6232530378654,15.4568657456279,10.2579337214055,10.2138454453302,9.57005330292827,9.60833406482646,10.5139709525513,9.26968508019369,-0.366056969534372,-0.940255230204549,1.01524635397251
-1.00379305905841,-1.0290351461961,-0.906347919557905,-0.201639917634701,0.405172337683814,-0.0218478406704955,-1.26836282233035,-0.457507470792966,-0.963978076586402,-0.958420237609514,-0.0970833472640238,0.104968529398436,20.2951159812709,10.0831013500968,10.1837576683302,12.2285079529254,9.48882594940459,9.69327929887038,8.69655890774427,10.7842232569931,9.68976397881288,10.2384959963964,-0.532958409385094,0.98329245444342,-0.829317310567271
1.39417704499141,1.49996216677248,2.21815216882045,-0.313324642653151,-1.13130830864972,-0.532006333144933,0.88354675140897,0.467877258816874,0.43503038822205,0.323435095467136,0.221128238893802,-0.0336569422467926,0.895242547629277,5.94426874920503,13.4002259771786,12.3845997418938,11.8387978124632,11.5891327778882,10.2524552294663,8.25068873381808,9.43021264641363,9.727498922893,-0.979605735828282,-0.755736619044268,1.00372109704699
-0.163287942079197,-0.935824048942793,0.292294137405431,1.28789508856297,1.35713516569496,1.9647506085014,-0.991966284615639,-0.869517401903841,0.916775431110183,0.751544918464073,0.300419654996951,0.691418020508806,13.0745448231972,11.3044465144379,3.13775119626628,6.64184652019474,11.3125045280988,10.9176396831646,11.9232683902219,8.23711943676038,9.02039730642885,8.82939228506198,-1.71451248942955,1.81404651355123,-0.994999271205268
-0.0384759723918325,-0.248377285396244,0.296707073498291,0.415745893866805,-0.264739431843684,-0.26066633747554,0.921821240124629,1.10326131776914,1.01531740939852,1.11202603640677,-0.788514381800956,-0.0497348401751212,-2.9767224807207,16.2501244023028,8.21973064694688,8.14338537076691,10.0501357571871,10.0793798082826,9.85633747892768,10.2075002994029,9.62991990018679,10.0638220918795,-0.0221018722192164,-0.697196955590511,0.740216732864159
0.454021860667821,0.365545460289638,0.43284245790659,-0.304849888491456,-0.0757314644951384,-0.662554474987282,1.18639368697323,1.90507410009931,0.998113286105288,1.18334258374776,-0.552574261551299,-0.29695901926905,18.4870267031418,10.7397900385777,4.85007288576464,6.36077437053502,12.2786004095016,11.6217062746028,11.425820776243,8.41773017781341,9.23167477779712,8.67378677386514,0.966498927359211,-0.605780518777196,-0.977903280737425
-0.738248689331722,-1.12193290180334,0.228931856683894,0.368167860480158,0.0338314676310844,-0.103019535081332,0.968943704247458,1.32352456811841,1.41696949790382,0.309918345377136,-1.85456255862186,-1.34306421720804,12.0965977612874,7.09332601806371,13.6303208950689,17.2865040139228,10.9165533692416,10.1420905799637,9.65878897634941,10.6321473334599,10.7063597914104,9.77534322175542,0.600690062506807,-1.12747979504302,0.364828381350692
0.380494894897041,0.0248355627842745,1.13396608850976,0.155048778404152,0.33191766660709,-0.171678722067102,-1.2812506820225,-0.87850365970989,-1.37872292967359,-1.17198533965399,1.10543651979172,0.907508072387949,14.6215638796456,13.4415262236295,9.11019869292429,8.96407220584849,11.3691593557236,11.1370144571573,10.4216668162403,8.96733467791418,8.54864207072924,8.83694283848939,0.265466405030086,0.524776331873226,-0.548467033681727
-1.25785279701944,-0.0927105086555834,-0.400776196286632,1.52226610951597,2.43882259638045,1.07691901657384,2.84413662320379,2.53502584657476,1.62912479264046,2.10633602355753,-1.42401027622559,-1.24359238343803,8.42363556522349,3.71288758860253,13.2351671497742,15.190669789114,10.0312000461806,9.51570254099679,8.2267540927025,10.8612547728228,11.0196791409391,10.2149077435027,-1.50286739540579,2.30555790091339,-0.688342297247226
-0.272418483509205,-1.05233055379852,-0.532613176552507,0.798963991312675,0.411687757290805,0.57193643582984,0.268668986296395,0.440681297554314,0.426523041137361,0.765642084605737,-0.428055905206788,0.137824200035685,6.00416273760417,4.34760327766099,11.1049263091796,-3.08753865816846,10.4935015087756,10.7786307816658,10.2970482426739,9.73674504706736,9.79351270687404,9.71237491485557,0.351083690132085,-0.877173886185822,0.522369930954838
1.36566759199189,1.4505660364778,1.15397715060024,-0.854182404021541,-1.48716943353648,-0.210416013633133,-0.301061568523721,0.16981978318073,0.315624844917634,0.762534259102958,-1.04375783578171,-0.571667003842856,5.16072808608073,12.5970060975771,2.26715292059349,1.92712245824563,9.27082653048915,10.107416042949,9.50265404989654,9.51090597126812,10.2288413655482,9.03883637097989,-0.759515005200231,-0.633936047954165,1.15390941644537
1.13775217249897,1.67353482227265,1.54718147504795,-1.62271258177885,-0.960005868461648,-1.04603784266213,1.42585699771423,1.14096844446936,1.39244735809017,0.527722508750385,0.0297517227454185,-0.784220290097835,3.45057490156638,4.02216968000614,12.1647394176502,8.87628513077821,10.3051847726868,9.63815278280455,9.45296284593132,11.8866866383722,11.1837565058396,9.72675498231975,2.63451775801643,0.0957474164742779,-2.34219090303841
0.55537957557307,-0.117193629127986,-0.48550444994377,0.219942792002287,-0.608402481980159,0.566121694358433,0.836331499224152,1.08316980560347,0.045794672490879,0.328977384529614,-0.668403935992803,-0.150836200998005,2.64803281913792,8.97358039659547,9.6030751690413,-1.95538614967979,10.474234013454,10.3745343094982,9.32642239845788,8.62229267931847,9.69658464287467,8.91467044334968,0.478459977300686,0.37925247934096,-0.101548062705288
0.378488974842714,-0.342919320105374,0.844388537987422,0.559017778276881,0.950634592002792,1.01628705939302,-0.00716843197702555,-0.329521411522739,1.28418502140404,1.52784045721035,-1.03285795837197,-1.34986209056162,3.99482564500196,-2.06862084231989,23.2197125267689,-0.170584127543696,10.891842265382,11.5799845095504,11.2009972028804,8.38079127675809,9.2081074914973,8.8721800954045,-0.985782379647711,0.555617256510902,0.0772498810432361
-0.199528606210858,-0.740954441454749,-0.180046610343568,1.15619296991933,0.128726644883709,0.0475782990855785,0.339071246479414,-0.329408210711379,0.537204523396876,0.238989410506482,-0.387425545062422,-0.170170009492167,14.0204616247705,8.35651591410945,16.5973073756433,15.7403710362829,11.4382892166144,11.2642425820343,10.429977127919,9.27775068626497,8.79193598043587,8.54595856337868,-0.434337067004283,0.433055474603359,-0.0606175082205219
-0.118012079575286,-1.01649103584122,-0.643956979950615,0.27677687463208,1.01311620491615,0.912617331582979,2.07678262576864,1.42532604005235,1.21992176488981,0.418067932935595,-0.612852605552102,-0.652274657401595,8.62246499193433,1.42181928324827,0.660609751772253,14.792996334479,9.69222631149814,9.60856077312988,10.1910079120099,10.0106821991134,10.208705900214,9.03382711536836,0.515449396494766,-0.589607350081713,-0.687377512696526
0.838227268592948,0.276447463330638,0.748380197671631,-0.373008696019593,-0.848888604050575,-0.460714838940475,-1.19255849477707,-0.660095337778901,-0.782002175869207,0.0731398134101691,0.938573427077549,0.600428924126379,11.5133476562506,17.4014669608635,14.9781503524803,4.34506162654541,9.84300994565404,10.8182016947431,10.5588801614988,9.00420293667267,9.97070227048673,10.4591266674896,0.35199317413129,0.140477030648874,0.415302449486643
-2.15434281860689,-1.42797125853241,-1.45510356486291,2.99276169833098,1.54380161190927,3.03507460234683,2.22568686390442,1.45298049512213,0.886254902660646,0.752468579626951,-0.965396532668657,-0.40471162741522,-3.45682535502159,12.826615907574,-1.52644429830504,4.4097414438637,10.3740808418919,9.70377542669417,9.70703991205694,9.20408684142766,8.89306502742432,9.99001051508625,-1.16281223434847,0.854677113263683,0.2777463045644
-1.32778853579452,-0.800655850549285,-0.879295729884808,1.371320722042,1.42349983313321,1.21927775864725,-0.591491862892817,-0.777005214614079,0.0784560303774027,-0.143965401604837,-0.30222854004195,0.0432305595375279,15.6266404652449,12.5352161470555,16.6334486245326,3.60571430810247,9.92470766449443,8.9788636407982,9.08699289381971,11.405107756322,11.0394886400192,10.8642282911669,-0.782703849602516,0.400295651817557,0.353889530888289
1.59723545414638,1.38909067122672,1.62298023727376,-0.439172771092381,-0.719231919496568,-0.903490017097735,-0.299896897692733,-0.126759133046612,0.255613173863657,0.248395676948389,0.533226342039173,0.638569554147696,10.4968815529349,14.7289475881717,-1.26269969598477,14.5061640209648,9.37711394360979,9.40067938613797,9.32399856747553,10.1587838087314,9.94366024781617,8.87768449317523,0.148651913874432,-1.38902223001717,1.50230483423053
-0.019908719446312,-0.10568744678805,-0.0959612919186223,-0.500402013264417,-0.804907479621992,-0.34812586079294,-1.35998678225361,-0.415860059465265,-1.19943395929876,-0.892406582411243,0.187945861463018,1.10892136866361,10.4251502122382,4.98501022614826,17.7583501316797,16.0481062823101,10.55582973661,10.7630731079698,10.2883717312403,10.2211609790897,9.33413308848806,9.07193803845719,-0.984413691959878,0.0377479367873221,0.871956316106631
0.995429082663005,0.355336992154046,1.48207846003814,-2.32155709715366,-2.00008127470345,-1.51144922777132,1.41764137188236,1.4115946464485,1.73978222489837,1.29074794049512,-1.57605307744894,-1.45886616363496,13.1564194587828,21.5933953340404,7.87613731259928,21.6616777538964,10.7611748813948,9.62006511406389,10.0646902857901,10.045687206958,10.8954470835991,10.8441608555423,-1.38215057644189,-0.0316753727867754,1.09572519399646
0.85620503082856,0.704258770285439,0.742332925040468,-1.62470949484415,-0.40046634172301,-0.895141040338156,1.84065525278679,1.89699934157609,2.32910422049564,1.9044219525133,-2.11042819479213,-2.34344694581086,2.13632472259744,4.63921620804665,-3.43917453686282,6.20449532182857,9.30809638847252,9.33257350389509,8.85432300212889,10.898967878484,11.0783464160223,11.7714125854427,-0.215870364447714,-0.478677863662841,0.119705111344112
-0.522999553816215,-0.242221274120713,-1.0908218899375,0.546691634358158,0.712157901882206,0.987007134171462,0.37467811846859,0.269063684783529,0.505886751873411,0.0757456418327517,-0.174791864676865,0.360827630572954,3.21654964479297,4.57481068787485,12.8609183086105,6.82319159956003,11.891158496682,11.0923475482138,10.0654017479161,9.43439647493726,10.494125504954,8.35663057698482,-0.245535320238115,0.604585508364235,-0.61172100557776
-0.115549899117303,0.812864013580827,0.962507814325029,-1.22758231570925,-0.208541203150682,-0.218730446985952,0.140660657753298,0.770129470985521,0.180873874764506,0.743441895192339,-0.150377315868881,-0.0428869799062034,8.34528426867469,20.6915255138901,8.01752974529999,20.1048084383545,9.99737474169258,10.1798466213021,9.18277531132579,9.34031049453767,9.89793442739101,10.856623605318,-0.587633742035757,1.77146955603785,-1.35418994619082
1.26775107599755,0.977684392677677,0.292265226940763,0.851013336965495,1.07077488176978,0.894868084115062,-0.138137506564335,-1.33806112750176,-0.823050704585269,-0.997854391688786,1.20672885724675,1.10776777148608,9.33926590770734,8.21064855128182,11.5763530060417,4.96922586955007,10.4055468905547,11.3257091697879,11.1017904179133,8.95414834144279,8.73468882872526,8.56109355230273,-0.802993296334162,1.05169126555308,-0.252802904625864
0.16553611087375,0.989572057870301,0.204872087479821,-0.542818906330308,-0.925795256213062,0.502990125266349,1.01037401744813,1.36421027718945,0.299148954557895,0.505140792619243,-0.419502175356507,-0.672744485301699,3.69832519444399,0.667420144833484,24.2382263814815,7.56737641815909,8.45533317526628,9.00145584306297,9.52682221601729,10.8232766305799,9.86779951744364,10.2550224512907,0.936578205960987,1.78383653453656,-2.51669709477367
-1.62338686851221,-1.82058616009629,-1.09834210605443,1.17879987445907,0.70776260602256,1.04375830927533,1.52750230015335,1.24611561700053,0.962387071791858,0.790084490398196,-0.3179830853461,-0.587232708979655,12.5497112349464,9.38717258129745,10.380320720065,6.75937127841998,11.006353106554,11.2956203710592,10.5218580166012,8.97926348243729,10.1374587102303,8.51781169228386,-2.13097465521997,0.584651604170617,1.23067702296888
-1.85822239756719,-1.68067360647316,-1.47418774980606,1.47240281404323,0.55684103848129,0.780684713053801,2.14852657157828,1.53311017045455,1.10491948243622,1.36334951782138,-1.36528667327675,-1.83533004838175,15.8022535003216,-2.05774296532486,3.51530661220812,4.46700367476698,10.3668186966827,9.47593170892354,10.5554912660793,10.3307308994379,9.50264883473562,10.3162086039203,-0.125474315941955,0.868685780372307,-1.23944179214182
-1.90838862610594,-2.12577394968311,-2.1860967565437,1.55103129165892,2.22289947111942,1.45594266558186,1.02957457122238,0.805813772429488,0.641331342677491,0.476739318816405,-0.510184981072035,-0.649610547193135,11.5926464763129,12.5622083231248,2.58110134490065,6.41694979855157,10.9018266821748,11.2550794116542,10.2519380710178,10.0815808139089,9.45550560263994,9.73216575485919,-0.0624898985190922,-0.503504924445646,0.101583714105759
1.6232889096987,0.718679609730859,0.95900328092949,-1.37632147720849,-1.23787510092358,-0.478058462814121,2.26971319549517,2.4155352356512,-0.12521877840489,0.729101764431456,-1.53096875006142,-1.5354471699346,10.7358578306882,16.8178261486723,11.7566857358677,9.12734987964652,9.3824373129731,8.2667215045099,7.97063118534344,11.6850843982205,10.1077582423396,9.53153249031461,-1.23435490394888,-0.00642313176715264,1.22804280109181
-0.241094330367817,0.436838169538559,-0.210440701873811,0.0150190106576676,-0.203940128265667,-0.717899123813628,-0.795940400961132,-0.864209945663425,-0.900610661506764,-1.39052431253014,0.849155811297925,0.909033859395627,16.9404932904204,18.919691856695,14.6282053565068,5.26982919273337,9.7936581961624,9.61598227402232,10.4306540668944,9.37377579251872,9.93846533912028,10.7363787302109,1.3709064790374,0.384494719621382,-2.04760431591799
2.92991549497363,2.4583448332808,2.48744060501801,-1.21904434705834,-2.1643315822977,-1.52175135724193,-0.424198096497525,-1.10625810312523,-1.01132404845781,-1.50578486608986,0.302226039180453,0.399277652312546,1.29313685878113,10.4032588859118,20.4385687943562,1.01718523299771,8.83945978129835,9.46049771723396,9.71795368159145,10.3715302798683,10.6851682236662,11.6377243414069,-0.221531567123848,-0.709116772993243,0.986155251815848
-0.447895576193939,-0.217462056412578,-0.482224420830713,0.874602786015681,0.647401945525814,2.15865567137325,-1.22809665464368,-1.45748655694246,-1.22299524546161,-1.23835673520327,0.729551047667338,0.874548526587951,7.99703444563322,2.82702143865883,5.74226011557139,12.4551907357838,10.4502909032613,9.69508586329128,9.91285036710273,9.75877415015139,10.2164475037651,9.88491988045244,0.183198231251923,1.27971381876299,-1.11059953971536
-1.25353026998971,-1.30772124539024,-2.12880851194023,1.24903840804187,0.801788529848819,0.483179018106907,-0.0217772478448737,-0.243162685155838,-0.335529484056444,-1.05752604763301,0.788208735454824,0.508967885584544,5.85858610807357,-1.02102318419946,4.0658527276799,10.5689283398895,10.0479285410356,9.86343685732297,10.0669087121534,9.78260708117654,10.399947929538,8.04415701761696,-3.0153224330811,3.15719896059222,-0.184160932530306
1.01873789527602,0.950739992924044,1.2587284646187,-1.58588114543346,-0.967396492788993,-0.540016068005396,0.000849020635966591,-1.14054715929073,0.494199999705109,-0.00173710405725415,0.346151229474104,-0.354380801430901,-2.85171717616821,8.5940943808032,14.7843504102652,2.79072250425397,8.84674628277226,9.08076285834938,9.32651204305264,10.9966928599781,9.87931402782566,9.92576043389866,-0.221790879647249,-0.124902161576403,0.00844492957725233
1.39888289309114,0.487661590482369,2.34788043404151,-1.28705718676614,-1.35107638520156,-1.58570555074169,-0.273619218786896,-0.0789137498360468,0.020208167361754,-0.276664531645337,-0.0218278953601245,0.445979929201127,7.92237919070759,13.9025748714573,14.3970025781569,1.44465024456943,10.6768303222773,9.69737312412621,10.8289496929804,10.4965054553417,9.4018801777895,9.24753647264506,-0.136586701312452,-0.692690133209162,1.01505477857111
-0.382894867367884,0.575664605738715,0.00639254198242854,-0.0617187079032451,-1.06809684729096,-0.622751251689925,1.34600792951404,1.43029751792722,1.2804560456291,1.80648162069286,-0.765668042520338,-1.05407647702108,17.7689270795786,11.4912108591322,1.83529722696481,5.82979774131079,9.90825022975447,8.15140974906706,9.02675379006651,10.6379632362301,11.3741798704693,11.4029537985079,-0.387795851046903,0.776704296023287,-0.335103618590423
1.13343942716732,1.23433787477418,1.22883112759476,-1.13373391367659,-1.11463724237535,-0.382594044514894,-1.16437879108784,-0.657945509022427,-1.4047881734245,-0.681247559179171,0.692173336511661,1.4564745980653,6.60576149651933,5.30766605333636,15.2489267444037,4.10837886030349,11.9030904181656,11.5311523084769,11.8015056833532,7.72157198028016,9.75903802169492,8.38829467895821,-1.39007510994415,1.20255780865035,-0.076984851777447
-0.0674146307352118,0.188597101104564,-0.354119576433973,0.68070701523265,1.98268193309726,1.36251186950251,-0.180955324390033,-0.309505994332772,0.443967290438609,-0.559091614723559,1.89778922535771,1.55911513393894,24.5738251602227,9.71926708037346,15.1466045953196,14.4745037081461,10.534365634836,10.099566191134,11.0279183185644,8.87695936817856,9.1765201509377,8.44084592093275,0.0768140045888954,-0.0318901938352743,0.270996997658128
-0.82708767835941,-0.381297195997112,-0.0985572071163789,-0.908357340344746,-0.145068992531909,-0.169262518758854,-1.06899811573656,-0.931096971725764,-0.956286219467449,-0.92850863283023,0.999613585403823,0.844820157727807,6.68796968906294,6.00919923589558,3.24146075446537,14.5308346789238,10.3650678404637,11.1290606187383,10.1029240684732,10.2817031949071,8.92866346030013,9.85549368401619,1.21631351646094,-0.934838967769674,-0.479772348123002
-2.45070850401618,-1.8805771905624,-1.72189928864692,0.0468282569868979,-0.0853382884775132,0.774407754829051,1.62997195577002,1.23002228796491,1.19850767421326,1.75258430899262,-1.73706356109383,-1.55873025056903,-3.712073253415,17.2887408897326,8.00937737346028,16.9954069248082,9.56132948440624,9.77168642299183,9.0872593771558,11.373629928462,10.7663792239695,10.5427005332226,-0.0963313250016424,-0.0161583880341643,0.47473786112289
-2.14380263385591,-1.43526994120341,-1.80643081550572,-0.232195135802497,0.430933386409916,0.193402269570651,0.288172532312107,0.228478252161051,-0.709022038314228,-0.0816696704409944,0.175831410499276,-0.0615194190704173,15.6870891699372,5.53268453849723,-2.91384020184093,11.9158988807369,9.56383361040053,9.79175760088327,10.3270789867061,11.5090639256648,9.52684303872145,9.87702810447108,0.243711270730613,-0.520430153063068,0.170496204068735
3.00472156743329,1.94208055076654,2.17984169642893,-1.22864369288464,-1.06449848380309,-1.1655784900969,-2.29732011186668,-1.60109216139423,-2.49723744153826,-2.18629125052819,2.82593504215799,2.55062331034594,1.72506152060523,11.6220356080125,7.99043002564636,6.16729677661853,9.51917606089398,9.54901882776647,9.41133435914127,11.9894780204426,10.8805513900514,9.73452324026994,0.320063358392708,-1.60491170443611,1.27875954414728
1.37490760991843,0.486287886757891,0.258361714063565,0.0150304217672667,-0.567816079160111,-1.08531124003972,-0.316387465188627,0.449925676261756,0.258475899283263,-0.104419638786478,-0.222732001872243,-0.833702009409648,12.1830187885082,5.26692470932433,13.0271101991492,4.37122723036676,10.4282761850907,9.95669725898635,10.7247503121025,10.2801331938672,9.54943774882885,10.4765151816046,1.45334190015987,-1.41777301137913,0.887639890191863
-0.934346511442806,-0.953315618229855,-0.678026900803748,1.23508769252042,0.879549069860204,0.424247174613735,-0.518355770714656,-0.457428364580715,0.0910474318307053,0.57713335205175,-0.533956160587916,-0.758611418901359,9.82174575282547,5.49287586634918,18.8862493244313,12.3434287285033,8.53074118333864,8.3647424907072,8.34548710157495,11.8285664193866,11.2338372492826,11.2790186934239,-1.17122390813202,1.25668515284031,-0.510124646632835
-1.49093555607372,-0.646855064858154,-1.75371318483976,1.30752783151188,0.492981823932684,1.06713022527242,0.633713916203628,0.133937352456202,1.17579848464601,0.732873683837687,-0.842617036967213,-0.689110676956693,14.2931596777862,8.96220277860027,11.438671574775,12.8232526279427,7.48099918273844,8.30534456781046,7.76514353630236,12.0543633114515,11.8056170379348,12.6000848947979,-0.629877823127809,0.886987280037595,-0.0942361538951767
-0.101254138787422,-0.548481337770807,-0.35154827280934,-0.0524831128100499,-0.924742553447486,0.283634225026009,-0.0848558656405577,0.179606894508887,0.984153419071725,1.61212205349394,-1.07515075744133,-0.875471354476241,0.549774496910313,11.023581397187,12.5875144070223,23.9108533905293,10.0757371584193,9.3460690526872,10.6450334228233,10.3510300080304,9.59709653229293,8.57194586572478,-1.87175942472398,0.874079237082903,1.78754833425377
0.400005632700684,-0.569079338329575,0.251346592487981,-0.43980311610726,-0.300402809636901,-0.528970007729125,0.2331878409799,0.683162869319845,1.02473709606265,0.564874144230229,0.428981978836538,-0.246865929110379,7.79887108543216,3.61460930512177,7.81683130405313,13.4404769499001,8.89070367271833,9.18322479771808,8.83782366561335,11.4162094841366,10.7317858219374,11.0023413811052,0.609120736662776,-1.87585075924501,0.92773702787095
-1.82003340156399,-1.24795725412611,-1.74840284064079,0.380552989872643,1.46233409892817,0.466814147718171,-1.09608646189251,-0.373714336894088,-1.52181446150369,-1.23550844890365,1.46460203569394,0.667313607384216,23.8185037644495,9.24341515400039,0.0235288107657787,13.4685512913798,9.33317915535012,9.50346092287358,9.19121140196876,10.0917001745928,10.644721802543,11.4133456025152,-0.711337406183271,-0.696021107243775,1.22190613933821
1.34575471622828,0.932878700080072,1.21411986545095,0.617970765764109,-0.485342193976532,-0.745318869577521,0.0603954376921688,-0.0794145119572926,0.572195842258438,0.469555144429708,-0.627206017247539,-0.855520677908848,7.50777628215186,10.1679043552576,9.19807564602332,14.0437413224397,9.25846213445029,10.6442961651842,8.64991394758168,10.4415356499865,10.3880203338064,10.2809675159398,-0.780962807672601,-1.34233871604704,2.27046598468045
-0.101837883401794,-0.419043624367394,-0.0834907350326333,-0.791812930373031,-0.299236431310806,-1.17845154311353,0.156184231887913,0.0577977092815187,-0.322184584496021,-0.852946594773966,0.408998318738357,1.12160526735361,7.23645275513945,4.45362769754406,8.76510943706935,0.958547238984355,9.83530774666003,11.4724244051258,9.95555864823116,10.0342826260886,9.55859678519325,10.5098887635413,0.258464930425024,0.317722562548601,-0.52278482104277
0.312967315897557,0.344788995216481,0.454987842010086,0.445164605713613,-0.482488177930347,-0.550074237935347,-0.486831645020645,-0.778238393228843,0.915300178123621,0.71905446630291,1.61273017831475,1.42010566211364,16.3809479010878,15.5587665113466,17.7328617595785,12.2120377578384,10.4442740826696,10.4041830501645,10.3906790820871,9.61939046315957,8.41578271251665,9.61350936484197,-0.0974051615814217,-0.226639193956211,0.21013512263463
0.0668665077265809,0.32085487484124,0.495507714282663,-0.031609722188555,-0.267504182512457,-0.0451924998707441,-0.851321689032242,-0.109545752424931,-0.00582078181487514,-0.24111384381676,-0.489811748564063,-0.034223119517805,14.6659180442773,15.1418098309235,8.68543637926572,14.4041929847765,9.96816428557881,9.56339806234952,9.66392183058596,10.6502707719764,10.1656202839637,9.71432753216594,0.564921378710497,-0.361701472008719,-0.321538372015241
0.624830393609328,1.30238367956374,1.80886449327312,-2.29765837312826,-1.0591067015276,-0.755376622123781,0.189496391239191,0.483211437656137,0.693185981174866,0.192304365818886,-1.06393135939919,-0.560635960475781,-1.0283017419464,7.73015159774134,10.6538954759968,17.0721666253338,8.68499967971454,8.8541396588807,8.42845530286468,11.4859530175395,12.3260312125976,12.777203920893,-0.0219905142292069,1.36808588221665,-1.44878952662507
1.79900843418994,1.6979848260243,2.13952304756389,-1.4175796352009,-2.06148191307371,-1.35981744298066,0.234516830132097,0.927302248300162,-0.444698406899523,0.0917737319112392,0.0745580705328449,-0.273013573012071,6.87963630763968,9.12690557753597,7.62782567253107,6.46531913502141,9.7873684092088,9.44803103303459,11.328038118571,9.95596748904044,9.45075698653902,9.17539668567042,-1.22531408028911,-0.280772129687442,1.87050835301846
0.38914291135535,0.157133396490533,0.455597391921511,-0.885736649331333,0.106132594544761,-0.746032460519239,-2.790646304172,-2.74876119932686,-2.20556552935316,-1.58200477195229,1.32022210853801,2.11457726823379,1.17062413583415,14.0734446665451,18.7616448368194,4.24915330100148,11.0616933022828,9.8985374000281,9.62124222131076,9.97740560423214,9.62514181818542,9.56093530087409,-1.46126392370711,1.70936583046735,-0.0446471783519899
-1.63803675921983,-2.20794638968698,-1.34693952235013,0.891167209370645,0.197511593741077,0.115235922336838,0.443675519552536,0.495738997295532,-0.0349949127380396,0.0419477279343313,-0.10132482091638,-0.935403133320088,-0.0228177533487131,10.5955373387631,4.27676437752413,11.6056179388595,9.7733420720155,9.50460378748172,8.97636018183076,10.3797643481153,9.72934684142132,11.0400563154095,-0.93601122254791,0.100819326210123,1.54205600586714
-0.685550675177839,-0.989459614626852,-0.946169143848096,-0.658922821922791,-0.269804177945012,0.289915834841434,0.193639305217297,-0.121589519848395,-0.0692062866831702,-0.495303537441248,-0.918212324305107,-0.407192911619411,18.7384282047615,14.3906613303272,-3.83170593029735,11.8380011450696,12.1286224793095,11.9340697131561,11.9760197956367,7.32949805656708,9.11617005328547,8.67250519252724,-1.63403971183278,0.13452635294089,1.20557571581955
0.115500990374585,1.27656485912371,0.599301191846061,-0.685248108672937,0.10598072903168,-0.305390406473167,0.861801238917491,0.750946876325578,0.928899784970886,0.845950295869646,-0.630192920424144,-0.626567299502397,8.70356113325484,10.4001134401312,18.9348616960868,1.78030310079369,10.7655424646249,8.7819681309982,10.1919051883267,9.76686697630787,11.5313853088083,10.9555916065027,0.342391247733886,0.796966492837484,-1.0592171375024
-1.5516209768477,-1.20070135520844,-1.88617358118397,1.11855064362289,0.239103237313269,1.19850825353297,0.780168757934887,0.52769941579181,0.391837322665456,0.400473877781831,-1.78228346132786,-0.778458010945832,13.8816665642364,11.1165896448391,15.4705879879022,0.0771058638088089,9.29157799698865,9.27195679346566,9.29814862065687,11.1707848752824,10.3961840668646,12.141760507273,-1.72808922716484,1.62140917649001,-0.135093074304717
-0.766546921913633,-0.82171439883749,-0.423581596103724,1.98425489885227,1.0414032957383,1.58895746217986,-0.715665342914333,-0.699941512278797,-1.12516439793566,-1.39813837215587,0.0236122239609394,0.248106733143356,7.84591509484205,21.3303256354973,4.2751393852218,26.7518774965474,10.7612212706545,10.6472554109071,10.8508867180559,9.11276153142433,8.48711772061223,8.23793373984063,-0.857640911716648,0.735690846950979,-0.542794191846379
-0.154243737247878,0.46966704959306,-0.882485465277861,0.607302539223376,0.1310600205513,-1.10509542110519,0.838222942933165,1.00900150343012,0.447133999594739,1.16093220935032,-0.66649285266481,-0.314024026516563,3.40434125437069,15.6932755428113,6.03981118281067,5.08389694511736,9.41042141949793,10.0924724178917,10.4323282598236,9.10942200785624,10.8806135846988,9.87745841382713,-0.436418397504304,-0.125472321856162,0.519618837620527
1.6550509960573,0.225675212968917,0.802341521665362,0.111742048432616,-0.231843447307569,-0.954609952149368,-1.01913727922484,-1.22557259592187,-1.22130425127109,-0.532755998079382,0.0687718611084418,0.513891857762521,-2.44520337783635,9.07749211870472,-2.1888788491175,12.7352220599842,10.7373710693018,10.0406689749435,9.96613801060675,9.59404657554503,9.98417312151575,9.46311552497512,-0.895897234266948,0.978015013398604,-0.126386103508834
-0.0964728041588287,-0.490677829585335,-0.599373536576456,0.532275207163425,0.0498780122508355,0.600458796326719,0.578149968921289,0.220440812469942,1.06133714771397,0.920650920707642,-0.0590376143413577,-0.45879229427889,7.71778745281177,21.2420720103941,16.5780935747972,22.5123333554383,9.98160432742233,8.83070002471457,9.08081174962876,10.9006311996981,10.629291754306,11.2408403916243,0.449553416135332,-1.03293018119325,0.464045573512114
-0.785902408139647,-1.03944982534107,-0.696554690241882,1.31536802982947,0.3729731758222,0.771345180467576,-0.861243244319144,-2.14737382003727,-1.46560061447912,-0.925921496762777,0.791479844254848,0.930561026839758,8.64058037053253,2.0970902962238,6.19004362784449,16.8098745862819,8.91485694786518,9.31092421912589,9.61130697924703,11.2752973147796,10.0549673143386,9.87385532518715,0.772476258261033,-0.189752389992943,-0.334059780275491
-1.68083023278557,-1.97623715203129,-2.17996591489182,1.30656281565383,1.96884360465218,2.16988075097074,-0.821726516995858,-0.506325158385613,-0.128375056369709,-0.338986597180428,0.414645756627059,0.515380839629277,5.80392801983772,18.0629972195455,4.62397317136309,15.4912451151542,7.85980179150117,9.17917474944234,10.6215119648815,10.7268395104336,11.3832675565782,11.3897909318518,-0.429162148787411,-0.7514481031975,0.780476633338766
-1.10214471747918,-0.627058027275435,-0.679755537402283,-0.552234199007015,-0.42790772617576,0.0616914905051147,-1.33756864471368,-1.25212131803209,-1.01686446052591,-0.531187357399601,0.997580668072536,0.849546598152733,7.44392246841764,13.8775875579443,22.7908036001513,3.54360179890348,9.81609910038972,11.0582719928397,11.5617179887683,9.88438325539849,9.24566800111985,9.27636178268555,1.46902030166853,-0.847581163361393,-0.790690000055643
-1.52307619216019,-1.44254064574943,-0.708441958040621,-0.137944444246294,0.51265220353607,0.703483080203458,1.40067182640176,1.06405706383459,0.905529044672441,1.69326052319921,-1.23980029395557,-0.784330395697024,9.30191291920406,8.14081438655813,4.32706748501182,17.6834945390062,10.1843904328655,9.23454018732692,8.2340558371664,10.1491205692321,9.98854691777654,11.0153599426246,-0.349689025311703,0.803042349443385,-0.429500299867675
0.308045191745579,0.773647793530228,0.511725705985223,0.339612651038286,-0.0358833230523067,0.52869536782615,0.360577177165196,0.513555648999274,-0.956961007387529,-1.76322596127524,1.17346013565036,0.746828673469408,11.9216345628171,11.0994698852604,4.66534622661136,19.3931596959469,10.3692943883905,10.8169531055188,9.40059313047966,8.72191864437772,9.29019690436481,10.2112204648487,-0.912164028029814,0.668352996980541,0.69107069700006
0.249023828112859,-0.0993908159053211,-0.172068015611903,-0.306418653270673,0.131832566326408,-0.476112019387395,1.01740486280566,0.0804997430904645,-0.300723100449007,-0.596880221447123,-0.0400556777341726,0.240685742558767,8.54939054458886,10.6029040590876,11.928023292707,9.94515550917004,10.1120349322413,10.1739112434835,10.9893763790538,9.45319953179335,9.42130607508402,10.5235370436509,-0.849517640298467,0.703408500711814,-0.0652812709795714
0.0641282422693718,-0.885497537374937,-0.695092578876289,-0.43959351537556,-0.339935607834685,-0.644082457715506,1.06157363900692,0.446872474526869,1.71422568915439,1.66886522978891,-1.25069519093915,-0.809503281222959,6.95726221553154,6.34090628693433,11.2717186900502,6.60340894832723,9.94127249930038,9.67587425870522,11.0246137945284,10.2428875901179,10.5780396759611,9.93386405235549,-0.146880728584399,0.961088956891657,-0.774370203748263
-1.80760235991504,-1.18114947351854,-0.669363590949394,-0.277509127913018,0.869530204317711,0.480310818015066,0.801872869537965,0.654751639182987,1.24631084337829,1.14660917035138,-0.991075690171987,-1.27213993725761,6.00146019429838,12.3104187451879,4.0337456366494,19.5167257686557,7.30109086566469,9.72860184627234,8.94865071020794,11.0483678211206,11.4037668118508,12.5029028381775,0.725552928066803,-0.221433108374786,-0.866091998325211
1.8273200117823,1.25308845859316,1.36475868919524,-0.82355866150365,-1.46400243387896,-1.07830926935228,0.419384159621372,-0.512008929358315,0.578585828887326,0.656735315836192,0.642962560450092,0.788300825071671,28.6901798091768,16.2876152438576,-7.42701375208376,13.0116292862687,10.4957923474315,10.3124309130653,10.1330430497317,9.60768568796545,9.60706910388092,9.9243204653217,0.239649097313561,-0.194632850743242,0.274874412972146
0.0161824722644875,-0.559533302148835,-0.000626477113811724,0.0440057331416969,0.213105227384912,-0.246516726822722,2.001210871845,1.66224324358457,1.87236607190808,1.56290444960767,-2.36369447366307,-2.12430955130867,5.08548219876246,3.48107378379085,3.53500526623934,12.3731305776205,10.5885176269837,10.5572755168539,9.5361929883734,8.82937972668081,9.26999470893425,9.99969220044937,-0.0273223635231492,0.214412082623934,-0.375060780895222
0.293882410237767,0.609559609726514,-0.420510813485253,0.514824800661724,0.417962476439099,0.194908059371875,-1.52915803958554,-1.68984726122086,-0.846739232160838,-0.475834383604036,1.03668591281781,1.84721291669786,11.939545350853,25.9285562604526,18.5974362528852,8.27287158851825,10.9831049045495,9.95464316156458,10.7269336388721,9.3409519866526,9.72773519088086,8.7913919794466,0.467487388598706,0.419310754886817,-0.692985731408671
-0.248274042242173,0.529077870581133,0.00912577098390008,-0.0876923516580218,-0.247112765466578,-0.257836103656238,0.210448050983359,0.764124136038336,0.470474960826166,0.406432230454232,0.98841525387976,0.21116630074798,13.354599540721,15.9945662454586,4.7917047808835,-4.2867095797939,9.50039432607505,8.8710271931946,9.87345024542453,11.2844725697563,11.0366734342822,10.4095096382225,1.11589921249603,-0.468608722601697,-0.271655892961449
-0.0865299994579372,-0.410635944717779,-0.435377389565791,0.592350560674878,0.100782817375924,0.901677905803793,-1.88198727106264,-1.24702296516874,-1.37454704500645,-1.45982122565012,1.27297109466833,1.1419005364454,24.0531304290042,1.53871827147647,17.2702488084154,3.6241872332353,9.34141011408046,8.43767073394914,8.89345641181827,11.7703952099898,10.4963447205806,10.8088132888073,-1.12665440919976,-0.120199296391978,2.02871320521083
1.25499838012025,0.892136806133678,0.692927618438809,-0.411127356845241,-0.638576219203577,-0.111447219991485,0.151497759320904,0.242883333257888,0.143928707924685,0.159243545471175,-0.97344939409281,-0.892366827295615,14.7956460734209,7.38517361806156,7.89915601353201,7.70696162429413,8.67875599636742,8.77896491462045,9.36358649805262,12.1291152850931,11.2935990400702,12.3067710756779,-1.31212706313461,1.58629566160752,-0.483588329711987
0.61546615846709,-0.209763192372941,-0.240230427495041,-1.12228267062023,-0.618291908790652,-0.634693222498156,0.154155173453823,0.169798008927518,-0.15757660052945,-0.227659253941419,-0.377560636651516,-0.506742422752149,0.50909950472246,6.18508943380659,1.71940716293545,14.4739572071859,9.86113049576936,8.95714719308579,10.175032651089,11.0097153777282,10.8562618790102,11.2252927620675,2.01047931358824,-1.78255045169944,-0.250804316152025
-1.63746643238397,-0.274600063258236,-1.05757605659227,0.387492154040134,1.0537046524343,0.272355583106524,1.34279700359938,0.198004218717265,0.0625450217198243,0.328764626785051,0.579521641050507,1.18686804272069,-0.978838761598473,16.0570822239585,9.88343937963953,26.0034589107971,10.1759061706521,8.52140276991046,8.97565021542831,10.9711460032226,10.5844605085791,9.4628154240849,-0.0097044784141716,1.61919874633577,-1.05620262612918
-0.40979190692366,-0.48692960824299,-1.12476668180818,0.393243650968228,0.376044892125487,0.527432013714655,-1.94626251357738,-1.41229373498743,-0.160797919796243,-0.652159339968867,2.37116251359828,2.58638698069705,3.99130218037424,0.0858159653725306,0.902745375630397,-1.31060793485487,10.2867942068299,10.3413969746441,9.58488716541116,10.3375412404482,9.4172654819481,10.2030836930735,-0.421503761985097,1.62529440985061,-1.27331730343007
-0.00197778748876443,-1.15930133580811,-0.683769389931478,0.917600405535203,0.406326390534905,1.14728739249442,-1.28970123360437,-1.55947193129927,-0.579584480003397,-0.909798611440508,0.95985595421087,0.958941460880138,11.1867240737431,9.4027539216728,-2.57221571474027,1.47613591170298,11.6488914395046,10.5339076857082,10.5174424268218,10.2738903871634,9.19617131871866,8.55149548214309,0.933966133974513,0.399054397199643,-1.43404495752414
0.520447876800605,1.4603324603571,0.820213030643267,-0.960452848210439,-1.74477874901158,-1.82672583392786,0.712547922449825,0.909280039028732,1.18599417154179,1.16175770869369,0.315489986360739,-0.0902873610453924,4.74502143523631,14.8181789431851,4.21376924907328,9.5441965517706,9.22166934547885,10.2686467091856,9.62498107846702,10.2712276957779,9.04266732231141,10.5396360248145,-0.732355754709445,1.58657717759363,-0.986187933219288
1.17389571699853,0.708643779109967,-0.337157157840624,-1.3971332016715,-0.8020855838824,-0.749890302352507,-0.926517959449115,0.228009796235343,-1.34024198200293,-0.846954560169789,-0.0263497142332495,0.0785533998979836,4.70069278735996,5.89462100932872,11.6895264459466,7.47805527483653,10.2024808303657,10.7781013961471,10.3885452153527,9.59187089011528,9.36708553218254,10.159403093987,2.29832779375878,0.340123124193287,-2.12193892691453
0.468740461752994,-0.0193893017299799,-0.325830200535654,1.67419964606782,0.457704280490057,0.391944489746171,0.349369985314101,0.0574681356552028,0.14770045895805,0.260020599610878,-1.07424806039883,-0.853802975553009,9.36393158126121,18.8062160868808,15.6388730850506,12.1417275416882,8.78065582588504,8.50237612502967,8.63745987791815,11.4921294415583,10.6736689915294,11.2596265274171,-1.01437914154038,0.816241796838113,0.19554276845525
0.901909703840233,-0.0599530213744811,1.08616493374916,-0.790211865479528,-0.847454731671481,-0.318293823872863,-1.32974311691645,-1.00295143188962,0.581040999497576,0.00025545968178468,0.474754763856229,0.359196900927082,9.74344468278079,3.89084241060721,17.4038022067075,-0.739272046575792,10.5981030745333,10.8681863195811,10.5203702096209,8.93217787458245,9.52214683853329,8.55815081450146,1.18455837076129,-0.332665724115729,-0.405946551504479
-0.146905636590475,-0.998184671408251,-0.997216055374894,1.55121051462091,-0.117319254680861,0.956270144665024,-2.4706443117549,-2.66062475417626,-0.860065030993869,-1.48832017332319,1.60311800005396,1.69607966877878,15.3826216090501,9.83106437528997,5.40211002249519,-2.68351979452122,10.3854099645469,10.2421472340307,10.5010980127801,9.04266065269292,10.3968600389294,9.72374811483176,-0.278610066548817,-0.666456107631105,0.635492568729385
-1.38403674674091,-0.16135086559563,0.0031313785178615,0.675086179534026,0.253760150795134,0.784024436051744,0.97015308087474,0.645854948354719,-0.357289131482323,0.344528301855485,-1.19598443709507,-1.21354103809971,22.4659761154977,12.3361006291982,15.5227839558355,1.08162670777411,10.8920243155362,10.989775745929,10.7585579310505,9.36425852079687,10.6087183989062,9.23639058457058,-0.757135760628911,0.593774635970537,-0.448526110930426
-0.158271222776178,0.473888149518563,-0.254593621248057,-0.233660562489701,-0.733299200438717,-0.485646442623764,2.55675427034787,2.34465419652786,2.39530919771303,1.09593166752693,-2.48502194574857,-2.16891686720039,11.9918830704028,6.10951381247887,2.44529480007564,7.36811665731661,9.58175109245887,9.50143099905559,10.3072371901476,9.99532279392049,9.74550830429746,9.7825963155485,-0.338502336076944,0.420435780191785,-0.184974103287865
-0.38291042373018,0.426115836542728,0.0159461829175602,1.16327536270569,1.25599334999825,0.704962745424978,-0.0799493100759485,0.0308410225112311,-0.866668037601221,0.177986217664564,2.6611387754368,1.7955458331155,8.94316072165054,9.54539892445676,8.40263477824602,1.48216115210387,9.33941583230533,9.6359236475968,10.9907614356911,9.18306622996892,10.5119699315182,10.2577459620394,0.0692791895494191,-1.90324837735061,1.63746912106233
-0.383788785872642,0.131128264300963,-1.60947335043009,1.40877171586307,0.98104193500411,1.06708756898605,-0.843420537531021,-0.833487772398232,-1.02505285948822,-0.20987194827218,0.558273066288143,0.269905964511656,4.40713021776524,6.74968615595963,2.189454824808,-3.37985249254072,9.94737610407412,10.1229371934303,10.4424607967666,10.3096108894257,10.4045569795222,10.0985691518482,0.249689146952074,0.670127885287656,-0.966609560339319
-0.328224287919592,-0.563278801913581,-0.375034530697482,0.691248428038436,-0.0788296213519198,-0.660208484190977,-0.536662304601053,-1.21979317394279,-1.07013589950547,-1.15436842956202,0.32996625909857,0.00602410413694734,16.9953433054485,14.4860017863285,6.75337535689935,14.7148814196601,10.422279813845,9.24087718473187,9.56673138619673,10.3890530651753,10.2578415109028,9.62608146988159,0.432427524198484,-0.320090817704953,0.206222484017123
-0.20914405301229,-0.213701471466176,-0.516609398716537,-0.97041375406304,-1.24278136839411,-0.982745100616376,-1.07898045806051,-0.967867802302232,-1.72470266894924,-1.43735696955956,0.443963645662607,0.916875561998997,16.3605472569929,4.83222884547423,14.8662461245689,2.44108613442897,11.0641691868402,9.60239188177697,10.4434952690754,9.48731818972968,10.5314199328784,9.98183931873713,-0.774460865276556,1.19804833344195,-0.62203112193707
1.22365987743997,0.539538305060307,1.09907127590355,-1.50077517323134,-1.78842429032053,-0.534173868818769,0.924356747189899,0.737296201288241,0.956221979017854,0.475617408575814,-0.816263949442457,-0.914422365117432,5.63135750993828,13.1217807877573,23.6352778393077,10.9679047792335,11.4917858145683,10.5913126983292,9.30434760298352,9.65944050013896,9.24751245215547,9.1762648919212,-0.677508529351258,-0.264468133884013,1.03113172250615
-1.23186071880501,-1.37797170306609,-1.4164356695685,0.95810301952215,1.01986910242457,1.22688147716399,-1.37371824479644,-1.17589110273306,0.486451862229561,0.670244696148206,-1.63419208587842,-1.35971025231753,16.6684986915284,8.89514776850598,18.8184257448356,8.14090130944355,10.7534561658468,10.5311282879656,11.2257750753189,8.87880167850206,8.84679397024628,8.84472363575275,-0.390130747985664,1.02019444676952,0.0938224070044885
-3.19032290389494,-2.19188493935878,-2.27272270159804,1.7853359390957,0.833976133508637,2.39396358919813,0.147399184050397,0.386287330931187,0.372599927218477,0.0413240041833881,-0.023050999987158,0.00783172877160558,9.76706952002708,24.4200295985962,5.1628728311247,7.32892183433457,9.67517305074335,9.9273776262657,10.0056966445977,9.33319716656549,10.7725668396349,10.5020497379451,-0.596974296570125,0.708480936519473,0.205373515749043
-0.0953777902258575,-0.148062481749618,-0.206656755390443,0.373741865097806,-0.0839939460319435,0.0827361857075992,0.370185260825693,0.474202847565808,-0.230987979290788,-0.167127407086858,-1.07534094646524,-0.507733077419462,-8.34857335120358,4.54344256537847,10.2322703287046,2.39067941457743,9.38072529098635,9.59533071533878,9.62060362819622,10.9338592165085,8.38833922891374,9.44122716748995,0.539029152933168,1.4030469522515,-1.73843534539672
-1.02381655764289,-1.00053042641336,-1.31338177840263,-0.0408422371307099,0.771376438565765,0.802081731621887,0.642278167717576,0.0737064098382089,0.170226764225978,0.626786004571973,-1.09906076656878,-0.680814209702768,16.2198254101711,6.70831518038219,14.703219667026,10.0390705827227,8.248377076814,8.85642774261785,9.39144437770299,11.4792723469706,12.3126518485053,12.5083550595817,-0.534652072297759,0.487471022548284,0.0229652217650466
-2.98206492841648,-2.67388978852712,-2.50370420636308,0.907175882156551,1.19723159870358,2.04006714859007,-2.57584938999383,-2.74732303478381,-2.05507653309517,-2.2526901036761,2.04740754659885,1.87672973920454,14.3187431610144,-9.42832670197399,4.71461570496072,11.3775890149031,11.0247471450834,9.4991780556243,9.66564494467173,10.9043705422584,10.3760217698934,10.2308668599028,-0.0753349530154922,0.872678592261617,-0.66602229933704
-1.37185663874682,-0.412933433449763,-0.925500031122473,0.612632094770217,1.33797149315526,0.520850419235393,0.376701456532323,0.916909549570322,0.762236373990329,0.60978376467741,-0.799070580824182,-0.696224624186788,10.1104621180386,11.5694183083842,10.7927811921942,0.020040958044623,10.8870871475624,10.8130235867974,10.4314897873661,8.73375392289436,9.21895815542413,9.1714614619409,2.53297427879906,-1.54950204382032,-0.689652579285214
-0.318003199440941,-0.67096141062415,-1.67770683181269,1.6401482803496,0.92513850758705,0.946295564422211,-2.27373826414253,-2.84335381041156,-2.30667470492885,-2.34971655530342,2.68077107582598,2.56260160434765,1.3050466526529,0.485181923371011,19.5938794406887,1.95977612796857,9.87498314383444,8.7298939994716,9.44719741749089,10.9064055212709,11.2811615128513,11.0327785888349,-1.1420690272208,1.27620157900355,-0.338036029229677
0.392275595475431,0.163709618969687,0.417733548023535,-0.299064344561469,-0.287347210575153,0.0567657264184974,0.202380263727171,0.32896123960376,0.506832506777194,0.557985021640104,0.372298846683079,0.1116715949354,12.0066470220068,10.6834769033594,18.1157724985161,13.0698350347427,10.0166637578345,10.2483992485951,9.47972865370336,9.73466255211705,10.0872118525301,9.25722620350068,0.644132353316446,-0.0683878903014344,-1.09564226033518
0.440969588114154,1.94939878363514,0.648651860736477,-1.46811551142037,-1.5058693212064,-0.903266830075825,1.12531870320192,0.468002804298735,-0.0851472940059972,0.972299957252081,-0.11401386337392,-0.796624426612011,15.2915108059718,6.59313840108471,-4.7901124732678,19.0307126647757,10.0415687601258,10.6169468943622,9.96011618869239,9.27703254905489,10.0473108550061,10.4516913295553,-0.193379005832088,-1.09927498764353,1.50410450615478
-1.12231597279165,-1.40682197712856,-1.25279676487802,1.85330654469832,0.83668980123653,0.879293989824784,0.251785234421815,-0.0600521673031155,-0.710358107448621,-0.378416800565583,0.0255473614681115,0.186211138088183,16.9144416401806,10.518118276473,2.19577003474969,2.54725662627349,8.23553885282455,8.53532323639733,8.43836264486249,11.8502234872649,10.1739080223658,10.4149972913464,1.31032986962073,-0.268651241641209,-0.28876652132312
-0.182639534184547,1.49249271742935,-0.00659076343102921,-1.0783196459059,-1.10868188397782,-0.703869125966672,0.316115628784116,-0.0567270994113668,0.431025138170295,0.86657853312006,-0.387172575624098,-0.364634974448708,15.056302301781,14.1626748479345,9.84131540578703,12.9001974332135,9.26284380391044,8.95608008542736,9.00847455573974,11.5326739200796,11.5296653984523,10.6695341782924,0.507423539761768,-0.460041026182522,0.0116390922592624
1.28547026810348,0.0880568957837156,0.819576774858975,-1.29841272444013,-1.29619458722472,-1.14865136421516,0.858133311378157,0.379596034927907,0.679241838705488,1.07104447840443,-0.708949258799391,-0.169905730130857,20.3528876552271,11.4414544979612,17.817743242181,15.6407272682651,11.9538518788192,10.7048685633477,11.6019243760419,8.97853160353138,8.47910499741379,7.90278353261724,-0.745290178861289,-1.07081421593874,1.16185785344705
0.252945052153995,0.742150700578002,0.324915939209208,-0.838815498790414,-0.823650715659648,-1.847239560772,-0.593371891853401,-0.650308182762129,-0.168422998716248,-0.211548073818004,-0.392205104634134,-0.532287836745735,11.7017338915343,9.11855814391578,0.912213513637948,16.2284118358506,8.95247733624077,10.1557233845137,10.0426324636514,10.1680806228675,10.879320411763,10.7443243319483,0.587400079882873,-0.338814045268157,-0.376802135595672
0.793819208523297,0.772957532203076,0.804311068234512,-0.0197570047806476,1.33931630116656,0.812541826264566,0.616831194728488,0.492861531376187,1.05722610617637,1.322666994646,-1.76637613669228,-1.03085419776016,22.968661073303,0.820454901039971,3.26592422405334,6.9569340246605,10.7531126030821,11.3939605723516,11.4252082138116,8.61909114113864,9.02233382946573,8.94959776813458,-0.468044695700074,0.579683878354238,0.176322372581794
-1.34288220357151,-1.26093523485085,-0.994379968820415,0.655048900649316,1.39423921236497,2.27383051618941,-1.30739034091401,-0.879660356639629,0.917203268826683,0.901698894697149,-0.0385944607311833,0.229265034484509,7.85694276712639,1.63632518667648,9.84761095165412,6.86682070735416,10.3126316454136,10.1666138173918,9.60139591843164,10.1178530117692,9.49153303485724,9.20130501728806,0.871205205266487,-1.90242013153678,0.592478534676867
-0.526496934163995,-0.560393300763853,-0.649116143281822,0.690876245961952,0.484573489723883,-0.847859233572739,-1.33277568446868,-1.06337868657403,0.321915458962959,-0.0387602724816666,1.2225550930306,0.724327309693477,2.62388429369827,5.02176319291472,7.29861916210482,7.29808668895332,8.55819288056557,9.87460624592486,9.74481170941616,11.2012007542078,10.4207028154352,10.5371759411898,-2.01194028999357,2.00620895921955,-0.00296960484715688
1.85343181391718,1.17571252056589,1.01293180711277,0.083828977572626,-0.161610503535352,-0.184526918652312,-1.420850160131,-1.15721075017735,0.225632609063384,0.436187888108361,0.443460808214699,-0.0847782605971209,5.10039931407477,17.7534208350458,6.23139465778736,16.8722116108382,11.104727379798,10.8279992133153,11.1957856481941,9.70121996034371,9.80743123983567,9.42367535415128,0.103614619585301,0.216096203857042,-0.383462465161886
-0.565435220763339,-1.03409310227179,-1.13285086482102,1.31280193546797,1.26095278728513,0.897461322927025,-0.387095083435177,-0.618694508046622,-0.462314350035438,0.334062776375871,0.492264744254249,0.169460422882147,20.3975871318589,6.77655722711533,5.6795839424421,12.450703466802,10.2748378661167,8.65996287311243,9.9990969285605,10.5586458738702,10.3596316906234,8.70040657870705,0.613856786812959,-0.126516382250265,-0.54263989945939
0.705581138823396,0.190085854148518,0.569475396922154,-0.675387234155943,-0.885747118614994,-1.02392685759676,0.201445394101417,0.138396899727823,-0.444012265332285,-0.00336620425211359,-0.0908838561391183,-0.118295557486076,8.68746312823647,19.8834642989156,11.0447906456595,10.8381146842336,9.50603522194711,9.38070923460965,8.40365549960013,10.7754867057907,10.3830213215099,9.87225484792915,0.150162380816101,0.0725281085195072,-0.0317000441879376
-1.95193373315745,-1.73417670771087,-1.95022652245879,2.50576513704467,2.00949225012506,3.0719509961839,-0.0570204160139086,-0.592796962698938,0.0927205105526362,-0.7017792452794,-0.364311048378804,0.183922574203595,7.26852661234315,6.01190853737386,3.90621775583848,2.99385804756436,9.83373639200861,10.1213761514688,10.0441416686542,9.48260681236962,9.47583154381892,8.79417266184931,-1.49238264110407,0.905546090411646,0.871929236377755
-1.13719374162233,-0.780130910329805,-0.586320448345796,0.39836848981163,0.971435277841819,0.568539038043263,-1.35436235729757,-0.376102299368315,-1.01952160608258,-0.881708178761739,1.66876522395698,1.12200556185699,10.3635289314578,0.136495062791623,-2.60982197674893,9.76622834496602,11.4663070037415,11.0721130254236,10.0697464419271,9.56529948424108,10.2407419972233,9.17287856397548,-0.501201119038488,0.747208760784133,-0.288747677597813
-0.752199189681538,-0.298427826673413,-0.259568259560433,0.805721037465285,1.47849363373087,0.540404047948127,-0.609882246311555,-0.666864360306872,-1.08843219504605,-1.32755762095338,0.555695052583744,1.02257614034683,11.4294590843404,6.18616023082055,-0.0930933793750768,5.9199023416175,10.4043117252122,10.7537527787791,10.5740814920512,9.40699074400605,10.0042681550666,10.7879258837785,-0.0285988166168136,-0.357916452049848,0.153241386754359
0.47310785165469,1.11578814057751,-0.526446240509673,0.55925507116625,-0.639414363580536,-0.238412184435905,-0.137299742175883,0.414624522454651,0.705370392003045,0.347507552324872,-1.1601140671864,-0.799256882819855,23.6253705450458,12.0107228828335,-0.157714663075554,13.456073274099,11.0114838787805,10.9780800354254,10.6627201484621,9.12217406861673,9.76302767906466,9.79369503501744,2.05684036772457,-1.00263170193999,-0.809466368592399
1.59677559437416,1.00392699377206,0.835491081281132,-0.0139670184041587,1.11249758105556,0.00593871094919546,1.68704309450158,1.67083025582738,0.87827948467986,0.93609003215011,-0.730631011308635,-0.877323737298556,0.382085524561324,22.7270220427434,1.65735679302834,11.7262665240886,10.8214957800267,11.755398027889,11.529141821466,8.87433341243684,8.47524346101956,8.55605473175709,1.95006230719925,-1.13108187028086,-0.960913375135798
-0.844911133795625,-0.346347562502249,-0.0263950793938598,0.153288335691193,-0.155955647155099,0.329240156758038,-0.650604669336645,-0.22606770762338,-0.856174490367634,-1.94524603659742,1.12360580304674,0.537067528201568,15.0469746625758,11.3141164495505,2.71191541583829,11.3629451612685,10.9243493969384,9.98511471321667,11.3392705243229,9.29359319348878,9.21401373422606,9.46380219512691,-0.232331665858418,0.903735157284042,-1.16762970041311
-0.390680940844126,-1.11346984427637,-1.15159332197798,-0.38350566683537,0.142133998520789,-1.14898678157766,0.897936877153244,1.27640108028772,1.11894093728459,1.37284077584759,-0.823821635444443,-1.30068109752142,6.50337400648493,21.2388982701552,21.4054932681661,30.0700596782104,9.1847239881841,8.91956714126201,9.02738374414725,11.9977330850799,10.7670047603298,11.5640628684125,0.919681417284774,0.198314454013816,-1.22074552045682
-0.513994236432034,-0.556232913405944,-0.992299949783275,-0.113384638052201,0.072828728432604,-0.200688627934312,-1.58686809045457,-1.21021004415726,-1.39593419310337,-1.7700495737623,2.41278383342823,2.11163524426948,5.56962431335297,9.55577738076754,6.25265586962665,-3.4687982899856,9.28199089048013,9.57723359408535,8.98066420456875,10.3559150231212,9.96500918831333,10.6046991830276,-0.34729967343825,-0.122626084664194,-0.126227946504102
-0.458750202218585,0.445468151894812,1.04694186274656,-1.09915722475553,-1.07579793041547,-0.287619598920506,1.61881960523574,2.38231476182478,1.29686963275943,1.53266910007588,-0.384833846335202,-0.459058612437038,17.9572092629218,2.17199900704818,2.51184489495644,8.03509728543908,8.73594258646672,9.44150442347064,9.92308688917491,11.5232794671111,10.5214752964619,10.3508702431427,0.861596232739404,0.179466566483862,-0.533799534630972
-0.552880944083354,-0.301312636867175,-0.685314758833811,-0.0880056055637832,0.00375477768840937,0.985857188882475,-0.822080527250185,-1.08995095302367,-0.874249235749828,-0.663892156901539,0.195957246697567,0.363545572530943,7.34735013488833,12.801105014192,-1.50372054190093,16.0869631622593,11.1783954899676,10.0518801698691,11.1542806709411,9.24137115504803,8.63242839080701,9.34715807683838,2.78136025636141,-2.09698786518749,-0.118938178256143
0.913905947804729,0.157615647984388,1.53917142069486,-0.891850524062556,-0.258323068452883,-0.466163472668883,0.160762623976449,0.63434246188681,0.400830643901279,-0.0816141011681356,-1.02949326614478,-1.23121435920854,-1.46372888041584,-3.07639268114745,16.9083547122014,13.8872820703351,11.5027941194435,11.9290214956257,11.1710913341057,9.01370524575803,8.51894276574834,8.5935645530412,0.663722227831533,0.270481312966229,-0.699715369313608
0.438171245979281,-0.307187915430993,0.729864033928857,-0.464816505911591,-1.13522064543232,-1.45440691750856,-1.13828476289241,-1.22257904494822,0.0554407463827746,0.0737301325807408,0.334144419210443,-0.463288568855419,9.39758538330817,5.85867333792922,2.60200742499493,1.09544976589475,10.8080246240133,10.9565567182323,10.7756046067206,9.85644753477478,9.50446826169801,10.0333635683635,0.8255440339044,-0.674465560618611,-0.0250669392503254
0.296932718050742,0.965777360745486,0.619253644823393,-0.0545875121699282,-1.02261655042436,0.395764769428747,-2.01599503273306,-1.7903267579512,0.0276180935363962,-0.0960299353459283,0.375384656143097,0.696132750728221,10.9408492386664,25.1866690114622,1.33785401567667,3.56707337131919,9.64262091096653,9.70229952234851,10.316257665116,10.3031643854835,9.45926624792157,8.91087778043463,0.0732534927767576,-0.439197652013211,1.06337715681406
-0.353509122840545,-0.0603607385597467,0.947244407266862,0.0866508979596905,-0.111275711987212,-0.0697629019546063,-1.12910223593255,-1.48711727018495,-1.75164378203727,-2.35310591372433,1.61019514964019,1.86969289256623,4.78464364056622,8.05791396301563,12.2663285950811,17.0080406880123,8.62332112127702,8.09652407199927,9.33760402337703,12.6542672357161,11.0520716290932,10.9629010560636,0.611126092469938,0.749225015501243,-1.25998873161454
1.30444286745337,0.956370604732744,0.836243600195754,0.0497008039847587,1.63733626353071,-0.18066273419949,0.645858092370721,0.354646549211298,0.441079784735575,0.128434971132076,0.848492601149462,1.11920213230984,18.0992882077086,9.78044754041806,18.5742393602184,10.1483931252382,10.4064765663674,10.2107691119798,10.5115215832509,9.49055918996362,9.65063464264654,10.0651911601526,0.614074113696982,1.33835748767671,-2.31179691485142
1.82483012964007,1.03386770130331,1.52494960907327,-0.00413030611639355,0.301392761568664,-0.0502172285996916,-0.247822451273342,-0.660116540697808,0.435843431040071,0.830620710269742,-0.506878467097458,-0.121494473230033,10.6200707050905,9.80493548755657,11.6490005931222,18.2302051181639,11.3269507930146,11.4311144964,12.4851485130685,8.14273494593807,7.92216103488454,7.77265007362037,-0.512430209989069,-0.591943404760508,1.27486755883711
-0.154430455780759,-0.627616426134574,0.317292238152237,0.554200652330378,0.463069502157715,0.00575138918037038,-0.517740983459785,-0.507791051093058,0.0714545050291092,-0.315946204408717,0.244483234918276,0.306530498314012,4.06868396389974,19.6227920319094,15.7093688174376,5.625152973039,10.5704090293337,10.935039259737,11.4621412549387,9.10754713217054,8.10992892449679,8.89809804969052,-2.27408746485862,0.85807434640163,1.61638177648308
-0.59837819019269,-0.426923453469388,-0.301497804778964,1.83526491408246,1.26247876264838,1.03393918039453,-0.184800266585452,-0.595654912866553,-0.503626151900451,-0.556799049945567,0.555445868806409,1.28142163060489,8.90221408753814,13.1875114554544,17.8023362933754,0.497850678552814,11.9865105826309,10.6179953509317,10.5785732700858,8.12008989733065,8.59200441869108,8.1206038294194,1.46136212273963,-0.792657384017335,-0.929718244984421
-0.0801239321339292,-0.181366508628877,-0.139788928958054,0.0192313665382275,0.177817530038773,-1.04317224128652,-0.275900484999242,-0.226405171621195,-0.539742573644914,-0.931210586743258,0.279726553949193,0.22615408083428,4.04475181058023,9.09448082235832,-5.79571627908305,9.1693372839976,10.7539986441796,12.1245000174386,11.6579610656964,8.50133931336864,8.75055701584534,8.80206578338302,1.05502654018748,-1.02339293623288,-0.673803132130589
0.737383727312611,0.590512506193729,0.06006712997004,1.01646106616089,1.4067281794642,1.11069861265345,-0.769491127028492,-0.788301482072903,-0.604159075578449,-0.880076525807751,1.11682647221415,1.36256318246003,22.7305809032721,15.5739651506977,3.42760634282378,12.3907708845887,9.63868846368887,9.7365224967361,10.227713921297,10.5393629812038,10.3234534513042,10.4795377281058,-0.55569931523302,-0.827433888055369,1.49091684309878
-0.842807510419522,-0.239634296576229,-0.12178662717552,0.135364170957907,-0.155675920393823,0.0101540432741711,0.685475054096029,1.07338363238881,-0.0974009316746292,0.640535633217528,-0.222485446679983,-0.292628337647111,8.91517912623391,14.788905406987,10.1177649087946,18.6483553400931,10.2888653275958,9.82869539714931,11.0243749353933,9.01017863457776,9.68131050845733,8.95059828932431,-1.04054398911259,-0.045133240142052,1.70592583581898
0.951370518000903,1.25718393708882,0.803107064540711,-0.169881496218236,-0.669031445306485,-0.305809800015154,0.673309714577375,0.53055676968598,1.56636740395439,0.952169512676199,-2.19075089695365,-1.97530225788652,2.04395102669477,11.4849186893715,6.90800335502309,9.05912413324758,10.6177559252084,10.6852625477031,10.4132179636496,8.36910459386996,9.74301867700469,9.42591422223037,0.917746185715001,-1.43925960103767,1.05462200435091
0.155480981327851,0.411983004108931,0.217770217986774,1.12995610846833,0.0526818057618712,0.393587260928982,-0.921522634315089,-0.506864491177095,0.587489563553049,0.678502923695752,0.863970943471193,0.639347439914444,18.3772675742226,11.7923629972087,9.30361938468866,14.2191729027878,10.3979459127951,9.68366948809529,10.0135001564857,9.5818404399403,10.7784351850036,9.22524131395871,-1.40698543417089,2.70676492720165,-1.2467358797599
-0.0629356512471051,0.0727903279957896,0.789858737167881,0.431212724492518,0.252469703511542,0.425966764221978,0.319082714408499,0.498721978897145,-0.375154707822551,-0.758550251417474,0.642314501028451,-0.130696711032971,6.32795564065202,5.02779808379392,11.1965540469901,-1.45088983042669,10.205872905714,10.2572705870542,11.3415138476799,10.338745771037,9.67632864134471,9.31971605806527,-0.634508784700298,0.928788224524041,-0.41309823511189
0.138354425754111,0.119740396408021,-0.897667702218438,0.391616366325539,-0.438624971609006,0.564988677398856,0.359325092647308,0.989934768237455,1.24898067211073,1.21039450948021,-0.760323855149218,-0.621942430186599,9.87987851321418,0.811128324669497,-4.34873732120772,7.5901810614768,7.22765649588796,8.40246754704565,7.81754487607072,11.9388032793508,12.3435930349331,12.7748911914232,0.280472137605644,-0.913179547432636,0.622721007399876
-1.02580285281215,-0.948831929824021,-1.14223869781708,0.0743814393617206,-0.0137287446211615,0.211410850975941,-0.0917704427233459,-0.0205664611515202,-0.638545678268053,-0.176980067081846,0.318511560189677,0.366097789495288,6.72280421730403,14.8493598808182,18.2059285884808,19.1508129795478,9.50133324534611,10.2582292669664,10.4528542944433,11.3986042649536,9.26440924456339,11.1033257879517,0.75290075893055,0.339616122810583,-1.27920051972275
1.75845387836866,1.22237893655347,2.24727667360762,-0.853395971687495,-1.17881858882315,-1.18513703946754,-0.0367329770752158,0.762762088631308,0.329436121628932,0.449399422172557,-0.844247766107985,-0.780875075916294,3.66700306618514,1.0246697012097,5.85109262591172,17.5392019667872,9.31280807897396,9.49614633557776,9.27263958309485,10.647010208139,10.2367496925584,9.73861987339555,-0.77113016717761,0.396444164307005,0.795106469212455
-1.45546123934976,-1.22019249373808,-1.00869187583687,1.04823447273276,0.939351666180448,1.13639490542509,-0.366900754002081,-0.0246196936430535,-0.627006809149123,-0.782613874483886,0.429542678134737,0.647909334989211,6.71684277103442,12.6985798332773,5.76536170494954,11.0290571158183,8.54191327608537,8.11712906315385,8.44956656960079,11.7324905189323,11.3072472125378,12.6673718348066,-2.33762476290273,0.587528207008626,1.55787929352085
-1.58216001786905,-1.36488389700969,-1.39457533374211,2.97318116966379,1.68988984443782,1.53425519511175,-1.44745255594803,-1.40801485576836,-0.449402208892339,-0.346744745098595,0.586068297193575,0.154674328329122,12.9199360397086,2.31264237511859,11.6430954376734,8.85302503337336,9.26422688684767,9.54800653598856,8.42267081252388,11.2372270108349,11.910209516371,10.99125393791,0.678459384101407,-0.351973925447765,-0.55890378522815
2.19299838875237,1.94244355792154,1.8674486501198,-1.9115162201394,-1.96069825675898,-1.48343954924575,0.596411625547418,0.253412744260298,-0.0957049450316103,0.662489870043749,-0.0114954852462546,-0.182939936340852,12.305649466104,6.88636926281242,3.14130055816892,12.7860864678006,8.67418230383949,9.55947622669996,10.6073356109037,10.0473670867926,10.7118862777145,10.3540186061681,0.120075041271286,0.133250934314592,-0.245375939904934
-0.231470523888931,-0.366628314773575,-1.01501901360585,0.117456142300386,0.709878899528874,0.834298131209741,0.00344333897610238,0.976244899333689,-0.356554848816757,0.200938523755878,0.976376933581839,1.10073229112137,10.143608515378,9.24802131967543,0.995345824812969,-0.932143380677708,9.66270231015651,9.58103001230404,8.90467374059316,8.78392822759444,10.1441141790189,9.21936042865243,1.06999819297406,0.258376452091215,-0.919977053974667
0.818035517814536,1.34185168833308,0.158374839018791,0.946131189327217,-0.0822916809266857,-0.383460130099811,-0.278284656303582,-0.61563304980879,0.892022620098553,0.476021181370263,0.547814665307159,0.201036410387405,5.00169407887882,5.7189518058973,22.710554612427,14.8829118611764,10.0736836344871,10.3450111809918,9.56741669019132,11.2973957290323,10.3872172834214,10.8240919922803,-0.349099415784586,-0.203776765438502,0.399505905803358
-0.921777414120507,-0.920128184829618,-1.0271867786612,0.97470547249273,0.601300470842499,1.68914626117061,-1.03587794697272,-1.9321234104171,-1.32702093370194,-0.928433259575145,1.16241243039311,0.815251634788603,2.9779275352579,5.67882486986237,28.094875719494,3.33435122758514,11.1786985345491,9.57305349176852,10.3559841607901,9.31900688782743,8.70829077051577,9.56177517921694,0.32551862217129,0.0800602622525613,0.368109881174779
-1.29798121106451,-1.64913108336444,-1.35936570319239,0.801695738270841,0.73976538912399,1.09519935598978,1.01197276454337,0.586309499030711,0.176026118392378,0.393447220711108,-1.37148132772818,-0.535171695471165,16.6906053030258,5.32663501836798,13.321105322398,5.79274423267717,10.3464932953953,10.3200180270446,11.4863340722023,9.99426293921499,9.46919154951567,9.42405352287134,-0.13465800075341,-0.0625385450106931,0.520890327058129
0.275555897065338,0.520031853041888,-0.614524920693521,0.228263716987137,0.308914700193273,0.0139339720816894,-0.101938483420365,-0.299029384096891,-0.394742563533398,0.182120172594514,0.861397488826842,0.806796654701718,18.6083430151057,20.6040109549887,15.4947950696033,9.00366368020033,10.7937240753162,10.3648294813753,10.1059540406407,10.4362880293579,10.2205882631596,11.2184207203418,-0.00148373535178229,0.707451023071041,-0.842218685050135
-1.24445194495733,-0.122851189997783,0.428945431425124,0.122953745311902,0.364522961448435,0.27932495858142,0.304074371361439,0.5122113088982,0.123591956510035,0.57043869887738,-2.38066876373692,-2.49890306885798,26.0851255766344,13.6873194755524,25.302079525926,19.3679220507487,9.84613875400006,10.2673063689772,9.62996514908197,9.52077344777433,9.44671289746856,10.0746226222247,-1.03303808958017,0.637427792988009,0.70928217501877
-0.0722636831484507,0.105096834074664,-1.29945807726804,0.607199541825727,1.26964843276825,1.67034990166787,0.343613976915389,0.829894267956563,-0.27730792099917,0.026487362937998,0.34198665522753,-0.2632923787529,12.7353620559712,12.8372190394417,7.38752904541251,13.2089992490127,8.333164168162,8.59662434800976,8.84254735637137,11.7837263522958,10.3201108263224,10.5445838058336,0.204212388769457,-0.182641879051805,-0.619030403398009
-1.116921185925,-1.39301828497713,-1.68063026021663,2.54741184959282,2.02884653563359,2.74037282807606,-0.712835137940025,-0.944643279221652,-1.05138122367284,-1.1893151792771,1.13019911546076,1.38864481133999,-0.086876898679872,10.5487614521992,9.42768935206804,11.3811784114782,9.29444704613465,9.50346667224213,8.25871702297721,9.77790188484749,10.7062377732732,10.3315627404415,0.374505407305139,-0.968635969998756,0.168457241349737
-1.60211325707828,-2.52284582344708,-0.926683626475946,1.21151354072164,1.73951277678833,2.08203829984128,0.016398591708514,0.330091090501979,-0.362629811686788,-0.557078738823431,0.420112597906857,0.0662786708260697,1.93177668330139,-0.583674402724212,-3.17186769712218,12.1331338132176,10.5977531398831,10.5554610006063,11.2642392850371,10.1761212154951,9.80780596426113,10.0063793532984,0.224484844926644,1.04435378942192,-1.58973221410012
-0.287405252265755,-0.0570472863307858,-0.355696402510735,-1.11732715472039,-0.138560216007322,-0.18710071932251,-0.258373493235401,-0.161264159043532,-0.43179822855713,-0.251859324447228,1.0315315473634,0.57251062579588,4.19120572014468,16.875149865446,18.5194932064169,19.5014248535614,8.91441147413469,8.71065329655911,9.31547577135626,10.0583842811595,9.814423610595,10.291105850213,-0.365980218101771,-1.4519221656754,1.91741214900079
-0.725173912719728,0.107783260247265,0.277672030275306,-0.708992620612968,-1.28994190998497,-0.811776757428073,-0.454406007928539,-0.525244565508505,-0.114608951312974,-0.933239250162509,0.100277141649635,-0.204288794877578,5.94166370208456,0.830347950769625,12.320984159747,11.981176651863,10.1176707639489,9.42917751241332,9.67794617806751,10.0645128008534,9.18463636103155,10.0920612910601,-0.218472408694319,0.148878985615847,0.0926665641900886
1.1171128744184,0.645556317389994,1.43084383407887,0.144411521347316,0.37467306271146,-0.178420209851413,0.447754058765593,0.519004140760141,0.646260622101062,0.629321794199214,-0.791775803050712,-0.366729963291355,2.11049647306393,-0.229812734132352,7.31237039806899,16.8198609271848,8.03828125991625,8.72983374704034,7.69953941665065,11.9543202293048,12.3411333732279,12.1730914600131,-1.48585509227037,2.14240776696426,-0.318299297724172
1.54087242789033,1.65158088429749,1.41416697693419,-1.1478546912434,-1.76432264138337,-1.46110883380438,-0.565699439804648,-0.404765877926612,-1.1681774855117,-0.65649362428586,0.351155570550591,0.40578411305155,12.6298477102796,6.50302170499849,2.06817153449443,8.14876758838394,9.38951614957413,9.86793194047071,10.2718437046411,11.0277236320434,10.0730414400287,11.2699351004582,-1.23698279295455,-0.523924927755572,2.29935343408829
-0.09775597906623,0.113011504216523,0.0615864433175575,0.972997516773671,0.924427118137576,0.873434375197995,-0.180691221682247,-0.749053115961581,-0.35283801202508,-0.61486432462593,-0.227661563511509,0.382870335374332,24.9722522878236,7.279014540419,-5.81513104182899,20.7786046027067,8.86448288817104,8.79757875742941,9.08151684515423,11.2418297036,12.1479961554687,10.8171985240531,1.03799002345569,0.39377389649441,-0.99436681163342
-0.324249470389354,-0.250762245372989,0.280815014445806,0.901974857948612,0.602619618871454,1.57445062159419,-1.86845103714913,-1.02782828661077,-1.11790951232732,-0.921115403359637,0.751503080413377,0.561533307693305,16.6433540031015,7.67746922154849,19.6087532789533,8.22624813480673,11.1192491933604,9.53660869397919,9.48467657674316,10.1342488209933,11.2190256129258,9.44943228950887,0.712673037106065,-0.666322264257031,0.210945479409796
-0.796474951268466,-0.143122544796392,-1.39568651941256,-0.489473174647841,-0.29439117668986,-0.750737094073374,-0.215965953088312,0.224721295910573,-0.186419841240731,-0.663477221669033,1.18180981102004,1.04054733783023,4.36163133679625,17.6118289343653,9.37868185857265,23.4960835655172,10.6582823094274,10.6437228238531,10.5193038513277,9.20655195670478,9.60379669321107,10.295218123106,0.0320143941002828,-0.150861768450153,0.663517772137902
-1.24162158588255,-0.983849384543722,-0.669348708371396,1.64537649435371,1.56319725141321,1.22646581670266,0.712739731788802,0.0220366448900836,-0.292595414239982,0.183408279470005,-0.0486576698435324,-0.0490581387062551,9.93285785424514,13.5517144533948,12.1732288120799,7.91108561774213,8.4346916671373,8.43692183431969,9.38614045054091,11.538784840076,10.6004341384813,9.35770099818073,-1.38836227526919,0.733687208705016,0.409859776502842
-0.383827019835577,-0.0849132599901457,0.996061755980885,-1.2439529701316,-0.999395185434087,-1.08259985714281,-0.903260365863927,-1.11800803121836,-0.760351810487195,-1.44498354884822,0.402195270917588,0.995829939851352,16.1092360267598,23.1025631919417,16.5466989279618,14.7960078479179,11.1691417943073,12.1543531859517,11.4629925270128,8.9309199751076,7.47024706828417,9.24190199036089,-0.34168284981569,-0.132970886475192,0.669113255560932
1.10764234624548,1.48942190902504,1.53594243758406,-0.792288735947871,-1.71954825204593,-0.710925045376743,0.216000780275687,-0.689360258738181,0.3083468889021,0.679563261125512,-0.185565661907634,-0.471058847011808,2.06329409270568,15.349941647603,6.92820206824892,11.3820074871524,9.11552343003851,9.81554069596445,9.94786290438793,10.4778576207676,9.37353598944294,10.6714477651501,-0.201480645864023,-0.66540222247341,0.44168756572731
-1.77350294015036,-1.78025776487259,-1.51004512619856,0.258873608148013,0.332573223889593,0.340069822240854,-1.78577453619458,-0.91425919403553,-1.46655154998897,-1.16104754654029,0.792209483861155,0.548662529517356,2.92375839269541,9.76965396584081,11.6341672311822,6.68978172297282,10.4171119881739,10.1178214578013,11.0230676876306,9.65056112351238,9.53685320170267,8.95746586817476,-0.723034556081959,1.02423646712823,-0.280323888291948
0.433932052198646,1.00587778211585,0.514328282054456,0.2638107391311,-0.353334746367972,-0.0686252907778989,0.805509836955165,0.675432432971672,1.19667248079388,1.6517671564134,-0.496511658577027,-0.477964055359088,16.5758706091665,12.0249467432351,20.3859557846938,12.5535733379758,11.2608781075056,10.6617856713228,10.3557695068618,9.53891872083769,9.17087627518533,8.70094061651719,-1.03100907188635,0.251907440740372,0.126635052823018
-0.468037508953863,-0.779183662375111,0.123192531882702,0.876307425142069,1.12408287025677,0.652182521427958,0.0510827826087039,-0.353798063242702,1.219150814877,1.71859721785827,-0.883572888194076,-1.09528928850276,15.8212246941036,7.42709882985955,9.89610782783528,1.70156714386296,9.41434990420464,9.98495080555909,10.293276691011,10.2527153827996,9.36792440582545,10.4188652918265,1.04203741093731,0.686416509593384,-1.99011539513583
-0.631229520220082,-0.655800486266273,-1.03803044619615,1.14282296734031,1.50814740740608,1.31463795937776,1.38093841945324,1.6062672555873,0.715835683658539,0.686608232255365,-1.2786604541364,-1.31110360435128,10.7317169298132,13.3366712513208,5.79222211858668,5.04028338577552,8.47673944693444,9.75202492196946,9.76655074615283,11.0985956466766,9.80297314825412,11.662653531421,0.319024730806278,1.20122248488343,-1.76586943588228
0.445724724505508,1.142457854867,0.775840580196174,0.035364180775337,-0.537774380741961,0.342104513011665,-0.869610759652655,-1.29504790467837,-1.08630602550633,-0.778638055743759,0.213241529220378,0.485472300115191,6.64055193589879,7.61246558839233,17.5637338558476,7.97271647603709,10.7406903677076,9.51799880701343,10.7233105701386,10.1120702599013,10.5544060429597,9.55917611666694,0.421440696967488,-0.30453969154942,-0.250892074961444
-0.337943013528986,-0.0831045185992833,0.271962882402107,-1.26546430049759,-1.32114872105401,0.361185775975913,-0.431448791793598,0.139965925048036,0.0691701191768081,0.186028605534014,0.320885749872401,0.360519909007991,10.8405962509253,15.3000233189931,12.5224085275722,16.8188069893047,8.78508559886591,10.3909961441444,9.55176599916246,11.4440360215887,10.7861773679177,11.2499201023319,-0.385737136909516,0.927268863491433,-0.608202687004747
-0.251682369597612,-0.926446615477364,-0.977857309689633,-0.142999688911786,0.941131341186212,0.573157858670789,-0.604950664941871,-0.656223385180631,-0.0685383009328413,0.0623844817051464,0.576179413379596,0.297943760168517,7.09331484816516,16.6379134002038,13.9121673817911,15.584873406275,9.17711122399856,9.85997056671638,9.22445052752969,10.1794162321441,11.2191845069275,11.4571998443603,-0.157498040232268,-0.516440914969423,0.980299908690984
-0.425004789507456,0.192799829876635,0.171852240518206,0.249818034910017,0.545071659613313,1.31188677161074,-0.0667165246981793,-0.274905331618301,-1.38311951469706,-0.330852844962293,1.27203930256736,1.3156524146555,15.108488039292,-1.333586417811,-5.67485724125986,5.10143223873369,8.42837090229983,9.53123812710036,8.36624099210256,10.3218518813674,10.5243493549092,10.8350232975351,1.36851827032159,-0.4857758631008,-0.906719029380413
0.81966357397105,0.0753000324853066,0.227064775285454,-0.0324188608042813,-0.44857034410988,-0.461541964188217,-0.775207514569044,-0.436800431002572,-0.885296729242648,-0.657955993207356,0.466444547586307,0.488641000940635,1.39789133929289,13.7574681916359,13.5798866481054,4.72116346066851,10.2464787692364,10.4726760939178,10.8626421393712,9.45604320888776,9.61270631657707,9.62140503923332,0.0783621288835093,0.556692478852943,-0.271794664140523
1.38032378116474,1.18922584543195,1.45676788170834,-1.21873083862655,-1.07858518747328,-1.62222469088575,-0.565953710103723,-0.875867389245387,-0.0646212765289808,-0.263481168249928,1.37413095545259,1.19063819589324,8.04698754651953,16.2136121443929,5.66484368182636,14.3651589306787,9.81189018321436,10.9191566128439,10.5871447431412,9.37912642055069,10.7556943483932,9.5888053801675,-0.563616955555382,-0.455292677805875,1.10545208569755
0.363899533535667,0.801858316111902,-0.121319509231724,-1.94224684665507,-1.42574281024069,-1.99113691440496,-1.86213501292666,-1.50026436357974,-0.574228390463573,-0.373260596017063,0.851205577267147,0.521451265245647,10.2423364254561,5.01620686120946,7.54775693397326,11.194666854049,10.0753363259796,11.5541693889163,10.6669372458049,9.02609684305934,10.512739925353,10.6612033181625,-1.23019259859499,1.05673200899972,-0.306700987985375
-0.118788397626661,-0.461512518398323,0.252510385349434,-0.508307679597101,-0.0163759380328674,-0.231271303178906,-1.56831929308174,-1.58602455797933,-1.08959492787106,-0.834782733060515,2.24600747751311,2.01413334821376,9.25363373068657,13.6074284529301,4.95090377501735,-6.85658138656075,9.93972080058442,10.6491911658035,10.9444702087524,9.57926455557731,9.09056653205298,9.32600833094834,2.20885665653397,-0.270817698068915,-1.57340170421341
-0.134108698888595,0.13971761984434,0.0555751344084545,-0.151316393683779,0.394334055075522,-0.153266935152757,-0.273849078050068,-0.364301136755731,-0.146153026588066,0.356605948546278,-0.0861164706646315,-0.731725450059454,8.68581817896836,-0.440622963011464,20.7858686643082,21.1608976981116,9.0643459531627,8.21981547035932,7.87667531971783,10.5599258245445,11.6425917768719,11.311966451453,1.06215591756709,-1.06135586887338,0.301211789286261
-0.393237888828909,-1.20815474601001,-1.02971447211244,1.43160100129026,1.46841539070375,1.07986611452907,1.37744465869059,1.01333765871223,0.824419303349028,0.909434790979466,-1.2592324878641,-1.82178389914155,11.0485996272048,15.2672988736368,33.5451839439635,-1.74678135114663,10.2832798864448,8.96481769742076,9.67727417693404,11.3441037509787,10.3090820215696,10.5695269893976,-1.84575573751906,0.482246583855153,0.551494528261786
-0.20332774355101,0.780462690104596,1.19610992806198,-1.87774689545221,-1.24803112120549,-1.91817367836664,0.282317189016288,-0.181170963834915,1.32008780391047,1.62772552763124,0.0395362664389149,-0.857728725272418,11.8701624748091,5.61263989696217,5.78605448033692,3.93737432048946,9.57866192562898,9.3418324093643,10.3386778905568,10.3584178344742,10.1833837194364,10.3961214919363,-1.31632928027456,1.05650343360003,-0.401307185108395
-0.0805239425830863,-0.102979306254025,-0.0683661642109218,-0.24374361156387,0.673710074185862,-0.0604621701314649,1.28439646053071,0.553251625065717,-0.197854875490176,-0.501379401624742,0.0492709246100448,0.0455456307792985,14.446421608604,19.624141650988,8.75706218641736,15.7609056506794,8.26388907920679,9.40636064356256,10.2578739037977,8.78436075307073,9.50115541063217,9.59872560391783,-0.739499547341343,0.0830818120474311,0.702542781972536
-1.02185100750301,-1.32263235484461,-0.982827317361725,0.636742741971334,0.460462187616498,1.08290107910897,0.12555288485382,0.0213426900958999,0.279073108810195,0.0239115499808021,-0.478679591749944,-1.14186046073709,12.773610538944,5.64349200506717,13.630625856074,4.7090055079872,9.7266756719679,9.885298619527,9.73212287219424,10.1669116028536,10.7095681787327,10.282614781544,1.31135652857572,-0.46436181247312,-1.48989966237736
0.855977800509511,-0.05431104925339,0.448080094011538,-0.47484875422602,-0.346408456204699,0.134738623800056,1.66449216258849,1.65334807988603,0.960287358380851,0.682560767548314,-0.998704643821853,-0.648293333964171,10.294186638413,6.61872687857323,-5.27626081733323,4.13761280171939,11.8246228999526,10.89329840703,11.287841716389,9.00463387130698,9.27374892776653,9.7772326726216,0.536683678317612,-0.198663976350597,-0.54142853179813
-0.534136441243151,-1.42344889159846,-0.321891625114112,1.1046909455426,1.30763628841808,0.412968261285974,1.50589999318672,0.849647296325059,0.499218545883333,0.818506196351732,0.0236777356165835,0.247501835030168,12.7544064099118,16.8326779494673,18.5476261002703,14.6133429580103,10.3888398538265,8.95473496827928,9.34317531433407,11.3788632789417,11.7743054354954,10.3289070813002,-1.35474758410903,-0.49789054629433,1.58235258657006
1.74975987161544,1.57482276051932,1.5399164214132,-1.66585850250551,-1.34596536835986,-2.30795267037711,-0.441757027352271,0.199733446962754,-1.05231547046597,-0.665384413950484,0.843895655426218,1.43843718674301,26.9046788058112,12.349472099842,15.113782016539,18.367585956789,9.85303762814361,10.9974588814761,11.2974746619651,9.82841268596078,9.01385177717367,10.0860142182374,3.07962898239116,-1.18783359211395,-1.9605565554147
-0.296961951603784,-0.0293501144933086,-0.992387191936929,0.567594899026188,0.931668786067719,0.556495141724241,-0.680291198857451,-1.06535401132459,-0.0804179557004649,-0.36508470259093,0.423202126568898,0.298475998155082,12.1365921023348,10.7399364081381,9.52730615268683,11.4251502499094,9.41058373847777,10.5998853695212,9.27421382501846,10.2418759537288,11.1373223095133,10.1195683639361,0.398478802621374,-1.74037492409183,2.08996047782985
1.02640484197976,0.428455344473664,0.410170543000358,-0.162444923136384,-0.212292040940903,-0.250073431991968,0.379687694706666,0.431433439954423,-0.00741982415069922,-0.1589312250807,0.503288281967494,0.694670558503395,5.29133697309981,15.1379763548486,11.4741822377997,13.7083150512898,9.8439009069317,9.3584496705436,9.16215882993156,10.7393520221913,10.9993229049724,10.3206245712934,1.98957419529144,-1.74937616043803,-0.161808263806581
1.61796232468079,1.44795085111889,1.5998094445219,-0.853478296643636,-1.92259940443683,-1.75283989809232,-0.498711321317398,-0.651802686829993,1.03250120642962,0.362976082404669,0.265740291205107,0.119167552020073,0.113009573197884,7.94018466301488,12.5954656830655,6.04810494791616,9.54724953044344,10.5192243073374,9.2746933901174,10.6574693248252,11.9337642960637,11.3582068678932,-0.208935704574877,0.677518092640506,-0.547681197979095
-0.61497919800458,-0.418865794493686,-0.25185480941581,0.333406258265741,0.439709214018169,0.637688754705216,0.885293584096042,1.04041491774682,1.31985735634757,0.768116010241174,-1.17608364777047,-1.89913805971235,12.6485216085679,18.3406545443045,12.9635848518999,6.82061132875803,11.5376846298914,11.832633115351,11.4677823758315,8.72121547438175,8.39437684777967,9.11926061852263,2.27638795223756,-1.77150221201631,-0.42282477134456
-0.388166256705449,0.446584010528901,0.888396563824268,-0.487214426156664,-0.859559195628141,-1.08349038823316,-1.45640123686144,-1.80848214276573,-0.56379731790222,-1.34413576891479,-0.031288596959664,0.5853189719417,2.08406401149706,11.1459625919072,-1.09691873995584,7.34960796350003,10.2654237878774,10.6834716160519,9.80217087577579,9.93323078315124,9.90454575470882,9.61278153826785,-1.11264052303269,0.883963645036718,0.0589108058790365
0.0913591345870282,0.931696023916133,0.691995120640504,-0.713639635280431,0.263534949701672,0.460625968989482,-0.787875776367868,-0.26901243535835,-0.830750885956755,0.00540353470933283,-0.233328466964357,-0.505900218126806,14.2306443184533,17.2761735261298,1.61706139184897,2.1454989497318,9.93244557469591,9.10215698826483,9.6428675583284,10.852991702948,10.0784906809375,10.4545006466447,-0.640887603592213,-0.235464269908838,0.752741634817089
-0.500335229975492,-0.448311301663791,-0.128078733249186,-0.60922308450978,-0.774415088124058,-0.433677948386228,0.986238701736414,0.843522023984152,1.35765919101374,0.330341007554547,-1.12516190892332,-0.921818715091888,9.54877571006748,1.53555467748638,5.2087125896844,6.69771876574503,12.3042784369573,11.0932905712031,11.3914013512956,8.86553958605314,8.81395207325654,8.27258663717829,-0.210610159239869,-1.17540944038327,1.80031403343318
-0.543985684331969,-0.260752620763302,-0.499038822105187,0.72657768798069,0.525463590558028,1.53706776273932,1.07056931832671,0.639471677180771,0.974093923503619,0.823434261936342,-1.43432534659943,-1.33150708854265,1.97119975921085,11.0622907812281,26.9746975457069,-2.77509852840106,8.56682186873622,9.90507096991228,8.95871027822085,10.0568701095956,10.4836711094739,11.330243345413,1.0517570406611,0.0178936763423138,-0.95694862731211
-0.149481775735185,0.253282931581918,-0.958819782647468,-1.24929278596636,-0.745535228067352,-1.05581999976433,1.33097382140324,0.559997030451142,-0.432888063665359,-0.435674723138559,0.0726156172872393,-0.545007217307023,12.7073219098169,6.34299295000121,6.82761962036814,15.8358333306816,9.88495595871418,10.763989472293,9.65581717553889,9.95035734009565,9.88110710121835,10.0896899679722,-2.48938231244304,0.943021485737703,1.35027853965854
0.765606984686775,0.55717022957628,0.57110618905716,-0.0145290473063456,0.829282375324942,-1.20631852670451,-0.540359295504465,-0.0127448915405064,0.374116619525845,0.00762507070783418,0.405136933062959,0.0618517847264244,18.9748428464267,15.8795520451088,17.4600435382464,7.62281765191469,8.75176751438903,9.12817122449422,9.44365515086703,10.1164070603844,9.90986679682988,9.32794469232513,-2.5298115131528,1.50624583565081,0.885191683210683
-0.381581579653858,0.33764637485845,-0.482856021352194,1.90322307054447,1.45983808645838,1.01736475646546,-0.726653626176503,0.0145350991875382,0.0264346818428597,-0.150528165907596,0.701682010258895,0.612192487409447,24.0789704917298,12.465324906189,22.3768267825733,6.04292710872199,9.52945666521015,9.81230560831311,8.89185637619825,11.0266670789152,10.8270291289099,11.4425115803176,-0.262775932246423,0.440406877957426,0.00307661949522082
-0.101659014513406,-0.161144139195187,0.88425949660344,-0.251400998590463,0.28973901994178,-0.0259778078132547,0.927847531355175,0.267373643513455,1.13042296834345,1.11096341212586,-0.900357238315655,-1.40014139264266,5.73093612912702,17.5652156804985,2.12207000535159,5.55845038263257,10.1771771424636,9.79593209810233,9.73576665153006,9.71821605365084,9.12975328195228,9.80331202457082,-0.571579533995255,-1.13281308084866,0.985006677571183
0.266937626870324,0.394553469351379,0.137692949545248,-0.739022512366724,-0.600567875780901,0.103674392015752,1.47408764129689,1.69627840353015,1.90183673844787,1.40633116616108,-2.14487472337141,-1.7943191676314,15.4359894954403,14.7007253660317,8.42212034670585,11.0061613877214,10.5580138441494,9.44172773044226,9.26583894042262,9.80567388843766,10.8640681247203,11.1202617123788,-1.12061457498234,-0.257042595909402,0.844185799129588
0.422279262312356,1.21444307926857,0.384815095189813,0.272707123038554,-0.365091473547776,0.548959296279256,-0.953388147640257,-1.62413078590536,-1.40423004626792,-1.55051587651825,1.71510545008454,1.55074340321728,5.73528511428314,6.39414740530993,5.48822924570169,4.36329677193008,10.3252411395521,9.56035995011046,9.83351982997404,10.4745856597295,9.50415769691988,10.5899526986488,1.23461641473782,0.351101419922531,-1.02694151569548
