jazz,pop,hiphop,influence
-0.0374318685161194,-0.0283658364197741,1.17409184902846,1.67634620676433
0.557481471437721,0.158723129055367,-0.0300724903761036,0.0748784975117798
-0.083020681286394,-0.0206755667548788,-0.119426954182727,-0.096078209639525
0.117507719454864,1.3963559344968,-0.0670351820473691,0.365943759282117
0.240606088711447,1.01726018577425,0.661006626325,1.81186663033137
0.936738983325243,0.0492576116983257,-0.0532306271384816,1.77677838970682
-0.091930910138894,0.579329978019113,-0.184964185747003,-0.113726829123665
0.287282359754793,0.724267469918615,0.284671330676986,1.38526681203706
1.03972162335488,-0.0520105303762642,0.95967851295143,3.64472429978571
-0.667107654491319,-0.986984418600419,1.13009988338737,2.21676013850669
0.180836191634204,-0.00385412475521085,0.250232605630782,0.334805288032797
1.03276171767871,1.28550542676783,1.04320622174454,4.6217297315092
1.20038220551656,-0.26894950388318,0.0896754760761934,0.897346314826575
0.864128465591001,-0.281930839872901,1.48934900101092,3.31194228397433
0.895939870410139,0.296423318189644,1.3555929351599,2.93731955413153
-0.19257429549334,-0.0924533135457193,0.473661513619192,-0.701106808140252
0.125574337881981,-0.0378203263313794,0.867271863427266,1.70179569176752
0.978305149321838,0.216273218024292,-0.178129154903212,1.13303670576309
0.146675139678889,-0.078148128472712,0.0616389554317477,0.328134695993722
0.0970057522279775,1.44540504088705,-0.0968864410703602,-0.308841929108955
0.0986452992459875,-0.296086287489642,0.974633787199374,2.05490120935268
-0.340202485536157,1.03619825097218,-0.116729986410836,0.85895886429691
0.0352846352587418,0.46914895977184,-0.0685559341272819,-1.21757598996629
0.273666693523106,0.00937073973477617,1.45078707179621,2.1869620222477
-0.202841836704271,1.16807042557508,0.956142051641342,2.82336631496578
0.899279924799627,-0.633184540832302,0.00732492566751364,2.05418901053598
-0.302744398056386,-0.0246442931489948,0.891420098873868,3.31784835714099
0.872427719745727,-0.0134918421699123,1.0296974420406,3.38775766538348
0.241817981418617,0.971771313974434,-0.483749776789149,1.59860189467676
1.38602616669729,-0.0686231915204191,0.578134368330651,2.3861534060518
-0.804531474925446,1.09296888656519,1.03901642593152,2.18974171486916
-0.229746515532341,1.08370000361944,-0.044809968161173,2.08760378419905
-0.0701946162636056,1.12772597565638,0.171780652422602,0.876101196624542
-0.279551747287927,0.867485264941469,0.0840489222013865,1.16576531457134
-0.161792135689066,0.235497620250641,0.964804438758675,2.24388423041654
1.25921201999387,-0.357633339259227,-0.120376766685872,1.4548203839679
-0.211915269694399,0.206710534933804,1.36363084803513,2.73659651039861
0.933607691744405,-0.456451285933969,0.365752103215865,0.226597507750359
1.12812793231464,-0.0612480679587827,0.0423878578880956,2.16546457295403
1.29548415840046,0.274278088234144,0.963827031433676,3.92723354313403
0.165275656060922,1.39188600755493,0.296933923095431,1.05588090659529
0.58123917684533,0.128045295313286,0.840999692920468,0.57036930058892
-0.00180351852201118,0.797881975335139,-0.164025224280054,1.79741299804933
1.40745520890091,-0.338830843196808,0.933395412343168,3.36377285463695
0.942712170892694,-0.0105501388370998,0.130821578682537,1.82896119376365
0.311552873319536,1.0849044437995,0.40837324692233,0.682203143505848
0.913981484340396,0.339677296460074,0.966113332857199,1.77857047566563
0.55478061273984,0.20369507464312,0.141323860303373,0.0667980865799391
0.384904974138999,-0.100228044635104,-0.0838408430420551,0.806761230758136
0.287585753728552,1.29915017781357,0.742599920452612,2.11219116116031
0.306193258720916,-0.30950158865888,-0.247636672315011,2.01689111234798
-0.434763225636707,-0.0834237972871287,0.0496108146858114,-0.149522034715186
0.0915032293011137,-0.100174270570713,0.17196341696292,0.0453567842259104
0.244839653937754,-0.162765228004608,-0.31008868158645,2.00627149087688
0.15680771201392,-0.114869435735047,0.945436803315078,2.27999959286414
-0.113565151718098,-0.523487401278928,1.21029221947012,1.02789399751839
0.973952313958037,0.136223569762783,-0.20849396249634,2.49439715903169
0.704598107219856,-0.116752917217663,-0.219381538606198,0.26266521123035
0.214475769922234,0.353925275590633,0.706102625778652,0.881400495185911
-0.174767179574683,0.825279361388217,-0.574558930499081,0.301184752081631
0.143511267856033,0.828136828403501,1.33664314423297,2.68962746007686
-0.503129201496338,0.463941770226825,0.629984080083944,-0.0887629023084831
1.36331455537329,-0.143612743511458,1.30948092688138,3.25373799963727
1.24721127840413,0.71488239451222,1.4745507667353,3.02169834160366
1.38973347834174,0.910502157786191,0.888857370087644,3.78735525014807
0.0707563662781948,-0.109417336443027,0.0761284408139566,0.334719260102425
0.0507872458206053,-0.076971069831569,0.252735029172512,-0.54279783165605
1.11717433537018,-0.0679095850942467,-0.564856747437046,2.08216222721995
1.2881095339384,-0.121497860620379,-0.187345860168733,2.57583230704089
-0.144239399615001,-0.274667706775091,0.650824850479803,0.772181833979059
0.0713955420882671,0.26028489332771,0.924787219196208,2.21890256175306
-0.101021590772081,1.03514544002726,1.11676346468278,4.41630754304378
1.18453226932994,-0.146146723669829,0.890300828071386,2.66116226458496
0.768776183533724,-0.237323101978213,1.21031974721046,2.01956042491401
0.70031390474307,-0.0446403528754771,0.44734816512945,0.0623445472486441
0.189081211100603,0.296012564794716,0.0738588017127828,0.430877624494126
0.334462962015275,-0.555756585904946,0.246606860894744,2.34235506364669
0.60944965751796,-0.213177790635295,0.345166700762379,-0.527663650454876
0.766362509587899,0.0443172653125001,1.09530932694469,1.94399470482505
-0.259584783672718,0.00429081811662934,0.239590848075465,0.749783429269499
0.220370243696064,-0.000871197497339533,0.276952632630679,-0.0028873010210714
-0.311865054353449,-0.27392921907468,0.884960957356042,1.13105931609502
0.510319627987863,0.689648621912733,0.693811039714982,1.36018627768327
0.959406075450146,0.307563560509914,-0.15982537820889,2.05176875139259
1.2802306361073,-0.147771167999135,-0.319822303422595,1.76161420789213
-0.0172834026210315,-0.0752118670989011,0.868472616398739,2.35225812898837
-0.00683560541611587,0.68580192282362,0.457786119629318,-0.166544646835691
0.298266534109798,-0.0746704730815744,0.0704426152605697,1.0529371289162
0.764854734381045,-0.0419998269741979,0.739887824491169,2.2574234271484
1.83648131176507,-0.160410450540964,0.689059883409974,3.47683452083326
0.193315696301597,0.902736481166101,-0.292743851750031,-0.135198009445074
0.144946284786995,1.30725351209765,0.0677814167316577,-0.0882577706739563
-0.0800437531208661,-0.512457224941115,1.05525602538304,0.726650717749064
1.01354338545879,-0.0524277067700407,-0.175068570533082,2.47628167074864
-0.109869317451116,-0.202811476762222,-0.509241210751933,-0.375058431881298
-0.102791740771253,-0.154998693257972,0.259604481226505,-0.0659831794821442
0.181121875325079,-0.217092245248848,-0.329361058194116,-0.12264640676451
-0.0147009880240373,1.33361655560668,0.830133729993277,1.54529464885173
-0.281203008700282,0.751126641256014,-0.153333475266169,0.692780239750377
0.693449528447824,-0.0750078489314644,0.700018371052341,2.11619809130447
-0.300881118293596,-0.446343839154034,0.891145718560514,2.17071587505145
1.33457040283013,-0.0178480204622585,1.13450155962585,3.46674405624746
0.872369458739963,-0.534835315884248,1.17659007657959,2.36731705967264
-0.196709266844006,-0.32486682657631,1.19327736831519,1.88689820340641
-0.251286652705693,0.102889205089252,1.19594302021829,3.18822033452933
-0.0534821719602151,0.0614702458388619,-0.229901504102494,-0.452286607310285
-0.008758165158429,1.0952334107326,-0.11061594101581,1.21372338376899
1.15565308290032,0.348154400178849,-0.530265081817936,2.2130467086628
-0.00475226991959254,0.161885895210613,0.244352195862758,-0.177754373768928
0.163764372790047,-0.0172863861830672,-0.303568234146342,0.46060780519327
0.998332713421828,-0.739554094882132,-0.0343221128819314,2.27224405984384
0.610489670235673,0.438462332905016,1.08746492061058,-0.721212364690979
0.115390257875453,0.293741913699696,0.0716966232964207,-0.68359670478309
0.00154756663917162,1.04149960505038,0.307280511559182,-0.0901766466285508
-0.0976820380476854,0.661533744451126,-0.00424952647146197,2.06705418903812
0.187346493021949,1.36886359747103,-0.451627660606544,1.21233784680555
-0.302015447136754,1.30531291637284,-0.286953413431868,1.30334905436245
-0.479948682030617,0.110097355619696,-0.30515501348019,1.12791847810338
0.330054251735314,1.10103680977916,0.538591857406383,0.789252602562047
-0.237129309010646,0.654550049796961,-0.0391883358828131,1.31537292870314
-0.224043536274163,0.860495053122562,0.26040535724424,1.15301307759895
0.9070497947807,0.0504053885400068,1.04000291720891,2.43927078246223
0.745211953976448,-0.388864362902874,1.0076768676926,3.23565612828249
-0.206322523949432,0.146791088001725,-0.248256486453157,1.36354840788118
0.197641918407167,1.04946128080138,-0.276087894233107,1.20896496681932
0.105825985413718,0.0114756171299534,-0.0490983048926972,0.327787005230505
-0.335125163237759,1.11624146475455,0.828294411788841,3.49293080009478
-0.195150792712667,0.659924192269122,-0.00248971984963999,0.286306071871847
0.0293724874957082,0.866019803670307,1.1824076306796,3.16241579562213
-0.305529652308313,-0.144777140683766,1.1766624533463,2.01555939623884
-0.163183261676237,0.240741994109087,0.0447359271583433,-0.284956241020118
1.12241372800071,-0.186020201971328,0.187310327263389,2.51140205136915
0.108999852519543,1.06278148967831,0.195444227466889,0.722349534361799
0.0765546832705712,1.27985424662422,0.957638974749897,2.98962092908661
-0.0123229251902328,0.0328317303465551,0.938050461446528,3.23601525243012
0.360374318918621,-0.290353721185841,0.0784947911507486,0.113178058709311
-0.0527841791597571,1.20924463498459,0.98747626914627,3.56449074016832
0.0696774961035725,-0.0292021163673403,-0.317519886921222,0.280264272225372
-0.0744947583280242,-0.422023773064291,0.953393360391235,1.82361466473949
-0.227239609428375,0.0878544554500846,0.895646269537477,2.41630817991798
-0.0512215368053934,1.33225557519715,0.952326639554661,3.06483314953301
0.357810372823146,1.29058879236119,0.530327121293531,-1.07830947747535
0.17022510360582,0.565399273062361,-0.168871937405343,0.518830213768714
0.187889570439178,0.292106050345485,1.19308945595387,0.719461602884451
0.0978566764883704,1.23178910277901,-0.218028106083362,1.71359196269622
0.654961838617225,-0.279835963905867,1.01625485364916,1.03151826027115
0.875031056729348,-0.318624848701169,0.146754231636188,2.76661404048982
0.0475862625608007,-0.123948819439449,0.249908101089395,0.449704892312399
0.562831775629074,1.62577624038263,-0.00682239064452172,2.77232545694999
0.0757149497806866,0.898532477043232,0.134393880639398,0.557690102820844
0.896445841164649,-0.257331598777653,-0.205530463960873,2.03983015569322
-0.250301687927592,0.106851225326341,0.762571458391474,2.38656865709755
0.0666761427998991,-0.21890261481614,-0.0203341278262337,0.670391929579732
-0.450505889010511,-0.33539560955031,0.77176752244683,1.71909892529481
0.190125764911876,0.934833646659291,-0.261014446000815,1.29874447119864
0.276866226912843,0.795768578813672,-0.439019880907093,0.741228748111655
1.14004562331231,-0.064107572058781,1.03815941012972,2.84511547215117
1.03391256683757,0.361166890308378,0.688204275285488,3.21539472250049
0.00865145538318437,-0.0151254613506635,1.32044101059343,2.01042099086632
-0.254226466174314,0.98539938342635,1.39886181260779,1.17659511344607
0.644388437044772,-0.0818264062029756,0.294880755774126,0.322396479279876
-0.196938875771464,0.312596791592765,0.781885733840476,1.8340524405251
0.207720969841983,0.322827046486362,1.23733457866857,1.19208896441151
-0.235263024656807,0.845146895625107,0.230616795590116,1.28527312511452
0.976842117622552,0.211209492053538,1.01318287302508,3.2722734558424
0.0923880446007322,1.01917213733808,-0.282504214378098,0.176748228347205
0.899866429883275,-0.131174730709939,1.10318925554907,1.87014195717525
1.05215501446132,0.0817306111388139,0.703973541650578,3.1097261495364
-0.410148451677001,0.804135141900859,1.86241065967773,2.41583336370261
-0.0996899995200559,-0.338908512281925,-0.0668645387497686,-0.17025714882019
1.06416585016589,-0.239658315382964,0.238999187899438,3.49126351849317
0.263447654553504,-0.0758346724730606,1.28064591547126,1.04223324440866
0.506796859564087,0.491254226557008,1.02242301894596,-0.668222813955429
0.46296558702557,1.19503160179902,-0.0330051900769257,1.26870081599354
0.363236849281926,1.20564417725471,-0.62007419865463,1.17412544245969
0.839029521227853,-0.0987808512067472,1.43890473639016,2.59781987957031
0.300574020641894,1.52254855516672,0.502378588704851,-0.1328106986943
0.143909531734329,0.935776907239821,0.599196492781897,1.22663116688746
-0.486874305377251,1.01829690717939,0.987160103157881,2.21113630599676
1.20096899383051,0.0410842956064568,-0.349588109799541,1.83783380548385
0.0514195058176571,0.309265205834157,-0.319262510275078,-0.367981427464723
0.27703303245451,-0.572529459413271,1.19964073279902,2.70481446283612
0.107722851245347,0.234441691839129,-0.206570914571314,-0.0944168957691091
0.102476622815648,0.0246738404287535,-0.178612880688901,0.504581036049526
0.363121931230163,0.164985412980725,1.21614668622894,1.21089837795178
0.803472248060348,-0.255482211341215,0.171920829585807,2.04523129852117
0.169198925343897,0.870177117143519,-0.0421673407926487,1.52610039442125
-0.121849785333186,0.217853379388382,0.109603503960988,0.367231745352639
-0.178799872245568,1.17281519285311,-0.0830405208145694,1.06575403580252
0.142851791289832,0.140752162463517,1.26237867920024,2.91353749898888
0.199676261098193,1.19959405283203,-0.300288426049971,1.43431578835013
0.80792053333663,0.314705791039894,1.14191267415201,2.73550061349836
1.33950746518738,0.333116265237761,-0.155915020965123,3.51176907106129
1.03220990373794,0.679559717527233,1.28198278210022,3.06749529962142
1.24370025530204,0.0679004114104168,-0.233724457241792,0.421306900997487
0.226205126707093,1.09048044058905,0.0595455591910265,0.454022552970608
-0.167819708573828,1.22104635897998,1.30638011467994,1.85758064795469
0.19189116067332,-0.186797542456724,-0.0410822130597417,-0.646726198813721
0.050865671840782,-0.0301842287661304,1.11870973118929,0.300971794192504
0.180046285949346,0.0222285780191622,0.802164060205688,1.90365851584157
0.982522368268542,0.159429636774283,0.222878286032006,2.07753073114545
0.504733266853878,-0.152315143951147,0.632646528669978,0.595172245472426
-0.0567338051928685,0.628822468666877,-0.0911930308989507,0.38472984988759
0.0431056474309653,0.591201352541431,0.719453029054555,1.48470026858961
0.0528759485729228,-0.189939426250544,0.0308440946004143,0.591185249284516
0.156721627178092,0.637074298464848,1.29023262199469,2.35633598621744
1.17062772192405,-0.41792610395465,0.892317794367152,2.9456080454379
0.289471223366087,0.687811060894231,0.4877890216707,-1.82679949864495
-0.163305146199118,0.192308264778451,-0.021481367357916,0.713182015471193
0.103971813174018,-0.272202328794882,0.982528859118834,3.06059818227227
-0.268058438181269,0.86706841799392,1.29364588356617,2.6954499379666
-0.103352886046775,1.06615581581138,0.697113204851906,0.0717807490210863
0.127969658686372,1.35451270742981,-0.162351177239421,0.274970389889041
-0.241439620639772,-0.375274200956845,0.780821016382733,2.2856196203167
-0.0638835686852601,1.31753271817128,0.370218755262181,0.833816483176634
0.0679206844707541,0.497355213947674,0.743687172044827,0.530511229197586
-0.187341649817718,0.394661269439296,0.933631622946388,2.38862166297102
0.866508626876481,-0.0459071169761307,-0.352712007279752,1.85121301067988
0.306177820463372,-0.0825527831342685,0.0639978198116089,0.641600873780802
0.288944343654943,0.840268613326267,0.652523442920225,0.968470615697499
0.0819773064291112,0.30654062108155,0.617403806820118,1.76909619528199
1.16105425318317,0.21013416964965,1.02773017058231,5.08367699537319
-0.488826635042509,-0.26455919745423,1.13555833076806,2.47452974136355
0.978384041918404,0.251100946177151,1.26415400598424,3.15502071573283
0.581129400191379,-0.720066164899032,0.547988802571455,0.181135016602057
-0.159928887457075,0.748366042203983,0.122802130169114,0.549623479878384
0.638253644115234,-0.201444596581649,1.37937935229196,0.895094363544897
0.0640709049504888,0.872667040719726,1.54453376507495,1.92208966612204
1.06275726278216,-0.318428896338063,-0.153799948933579,1.42222838142131
-0.223940246293684,1.37746115860314,0.500524339631925,-0.478186218446794
1.09187355216697,-0.14628157769398,-0.271826104329447,1.58393355454205
-0.226710264847749,1.38046118420026,0.803833067290467,1.9307316026062
0.0112764824815321,1.20574430010138,0.175748162100868,1.62203969595933
-0.0545570701759742,0.88482098340062,-0.310823615003414,0.824275947115207
-0.487706608391006,0.752584556500966,0.504977331636456,-0.957251507778144
-0.307794986649606,-0.245174754370985,0.883670908666223,1.27425095888225
0.885734987657671,0.146667089461004,1.14012764934354,3.67202383382067
-0.312557728813192,0.916174839117199,1.24714728226177,2.90070294384447
0.143643081360648,-0.418717377195085,1.00322186979273,1.5074218286321
0.185753247479782,1.21295206867294,-0.132731689266734,0.906971772626841
0.251119929114125,-0.0921240753499541,1.22670693455691,1.91179764698031
1.24984178907181,-0.512363955878821,0.10924371098457,1.44217884132716
0.852864025448486,-0.476272930301664,0.888882967459185,3.08979815447226
-0.144676688208602,0.0726266115037038,0.139711439526824,0.888483213653666
0.891888209812615,-0.109223061246724,0.566202757032143,1.65988283982002
0.463974871312913,-0.22036273052244,0.969260098079154,1.05090382981363
1.2176235214803,-0.0330777786413017,0.202245498295517,2.04379398048094
-0.368695162083686,0.976987043468122,0.746313854843289,1.24461003503298
0.549894390269678,1.06339930289105,1.19139089395671,0.440536826319233
0.854771424153215,0.159870240570958,1.54122464386341,3.0672570526974
-0.115642339599815,1.0239742526415,0.592899024345386,-1.02714345720983
0.868769431131358,0.135798412810855,1.01047240632834,2.67602751073879
-0.502627000845476,-0.429766915590615,0.675393339845811,1.21092044326513
0.895595179843346,0.285884907383442,-0.061633000088513,3.12703649691489
0.216176836787065,0.133434551833414,1.01411912462882,0.50432573199054
0.770981036396771,-0.2021133522492,0.302600786589622,0.890259610743789
1.38816797289082,-0.196462683775005,-0.223930642232402,3.48052466973298
1.37655761428506,-0.252816754978573,0.363064848865886,1.91350491532334
1.52111356569355,0.137201626843564,0.894986836324628,2.4966621990877
1.07898608444578,-0.509293878767709,0.0657179072619812,0.519359440181817
1.04201836887179,-0.763063257288442,0.0780484260182908,1.35275137531459
0.876637501823932,0.0847366309629702,1.04069466879102,2.83160229691342
0.483920180383235,-0.285921521570982,0.34322590914531,-0.867355642028505
0.42726922566662,1.07518392520101,1.05839217302815,2.23404865135323
0.120975149540641,0.216788959965576,0.97175094064678,0.839774638537496
-0.385052543561907,0.207414762974247,0.251117429420269,0.159588951981829
-0.0732803004405144,0.0477182906122003,-0.119857696388245,1.2074501095394
-0.390070318908038,0.867082922900378,1.05268584956808,1.05351554735281
0.69344348264817,0.215367940088488,-0.00616220788209919,2.41801045811144
0.218039943159138,0.646324187227197,0.162287508393143,0.229721835782073
1.10991682995591,-0.223812130295709,1.05168654244465,2.84079743642881
-0.123986106821363,0.813720737746982,0.22207260829405,0.425777255278112
0.0435767940779648,-0.231352501655975,0.868990376746929,1.87383197746529
0.0744575596159691,0.142227357994842,1.15207488087527,2.09347286069249
-0.0783650390298153,0.365589234828133,0.69261838406869,0.907964109627246
-0.0634666731902899,-0.1696707749427,0.942645604192985,1.68378794901372
0.0376273925940905,0.265068457263199,-0.0654828658590206,1.16253885429886
0.437599672047149,0.656613030068658,0.00379693822489924,0.396267438722048
-0.0654479529394254,0.747696057343005,-0.179986598041609,0.385253340606103
-0.128744095858299,0.64851985868909,1.50509948009683,0.856726963539399
-0.0806851301974488,1.08923332597716,0.492698923483887,-1.47830472398347
-0.262770412574527,0.313323613098433,0.956851477740655,1.60292118365597
0.748694352188583,-0.499990789438569,0.27746624480634,2.14103609599746
-0.0752100714094828,0.279844966142485,0.00241794055814494,0.575302129807526
0.0842258046539453,1.53447685454314,-0.121630411258648,-0.495628355655701
0.255140234491382,-0.259202178897597,1.12449027343642,0.703923136288798
-0.155909008111074,1.09611361990646,0.852519734407033,2.16865698222253
0.784272667171555,-0.179972601878329,0.833519593496438,3.74995704412794
1.04582824559027,-0.053317013675849,0.549987479691278,1.15687022635692
-0.142536840499913,0.894587508334075,0.0864985012960859,1.30835503520377
0.375273560808468,1.25252286377462,-0.282093030409238,1.81498204690298
0.566391174684588,0.126632415998063,1.0726596928752,1.85372594608301
0.312567545306132,-0.210548446184835,1.16822770697193,2.33889576391045
0.0431786862752326,-0.215750514311629,0.0973497405444201,-0.965311966789841
1.47730267799883,0.000989549346320435,0.241709366283842,2.5045494580155
0.194663106998222,-0.0142294379492893,0.0320233307475425,1.31636627985299
0.0777690172505964,-0.0487706212488663,0.479368231199023,0.293459252402536
0.00779480931773386,-0.182880931924214,0.8716818765268,1.56867941616305
1.17365310019944,-0.112722879390635,1.14320386300155,2.85202117592091
0.747673026409647,0.838725422159614,0.840140387096407,1.18876042336513
0.207512117756939,0.11421996693114,-0.437639566819405,0.583502455329044
-0.144084111843404,0.975719964012309,0.89762961818539,2.7679409598946
-0.416081829846465,0.0108248229372793,0.298585875658291,-0.68662627263703
-0.0285124707175497,-0.0958424959766328,0.0429682497905515,-0.239545912810065
0.30041737354561,1.35523138513974,1.06421826616737,3.17886349224169
0.205454118920396,0.81869234450985,-0.383635347980482,0.400563442025898
1.20335793891945,-0.471279620564281,0.716697730127656,2.51951760404645
1.0422354202082,-0.0550079811663441,1.45569955358458,4.30003085835814
-0.286061355794336,-0.0107788954036259,0.0442756886266066,0.345346368451641
-0.147373479114342,1.1335591532767,-0.121647370189113,1.61634802942796
-0.0304422232347863,-0.0742043836115443,-0.0924888236557416,-0.363081657294109
1.62637076983098,-0.104563200728148,-0.169055101568509,2.66345035276435
-0.0114707081214045,0.631281536233235,1.48969505942051,3.11282636244163
-0.209399310984682,1.01871403671292,0.476350951995273,-1.18793493801381
1.01107924688434,0.546514611023724,-0.518136200388426,1.4686875422251
-0.100332933523896,0.70900545246783,0.0537014566108226,0.784526423767563
1.29212029825043,-0.377322253622395,1.38688331205695,4.18149134358332
0.242951517694403,0.725682468283452,-0.442950416290767,2.06030683877318
1.25238866535056,-0.0162110114771922,-0.301975459462664,1.4621290550617
0.0133071387195165,-0.407791841943735,0.196809406068433,1.04151708841982
-0.069438131426767,0.267945264574034,1.42649870182567,3.2169026621137
-0.448033498609588,-0.040587774127909,1.2398545418744,2.24952627670223
-0.403539989802263,0.208952069974568,-0.117865995814275,-0.343657005163996
1.04007532595112,0.234211323826459,0.29042528208819,2.01258859355253
1.01677233688904,-0.0541240782169367,0.320328543978302,0.951138349918529
1.15751119645623,0.128610644783074,-0.259450740012808,1.70304678457675
0.282988456171692,0.197485413902734,1.22815442403953,1.17960481145843
0.996867905548678,0.0784574228561106,-0.0471225728731413,1.95263674188547
-0.403450315698632,0.461709411871478,0.71417277089369,0.592602629650616
0.132863068867451,0.810135537489131,-0.270911535037283,2.28276415480651
-0.136341340257281,0.152953377768038,-0.00792467784108558,-0.432126878470219
0.181375403880708,-0.104703853193216,0.799659273192349,1.95308566966821
0.128824300942636,0.049029940380063,1.08914280246589,1.88085706008427
1.39513897160222,0.114183635764325,0.163177171604542,2.21886894701318
0.712333198132646,-0.215553984608965,1.38050628489268,3.2342501956612
1.23623615817993,-0.0373434525742476,0.251249490551979,1.6975829484111
0.996803851940365,0.59998911661228,0.635138780770441,2.62202327676613
-0.201995568635981,0.484723614963479,0.000378780438635382,-1.02072746596544
0.0206508444794011,1.06390611150835,1.35718804819165,3.41603091157977
1.22434058687032,0.960904821762168,0.847757209377537,3.47003416555944
-0.493112000352369,-0.100160831665495,0.0394099336342842,0.802648821753135
1.24799049232844,-0.185741878537785,-0.0281982077919444,3.48606412902483
-0.0674010870840409,-0.089853863222883,1.26481660903668,2.74932380788015
-0.141341904359205,0.102872880724082,1.034475886956,1.17382281204268
-0.251715774040627,1.17648897610501,0.876926735098488,1.30478280023831
1.31236293238005,0.0101785585168412,0.222092528291121,2.98882377872887
0.088672682390417,-0.149436667961434,0.478202765281631,-2.31563011785238
0.84003508729349,-0.270361024351751,-0.0520564810238736,2.59941154462158
-0.22880052297435,-0.354311210130224,0.033936379485526,-0.358688217970094
-0.080517485085073,0.30735401532264,0.386904840195258,0.869819339379521
-0.320727228533016,0.225658615765723,0.882680814290251,1.00792608183086
0.104874436643955,1.0377296593342,-0.0510703456493696,0.327848981852064
-0.121628504660008,0.687714730993407,0.373469405084093,0.749755614858934
0.632232819736608,1.53841744024586,1.27683223226173,0.897125700426489
-0.244884420790736,-0.139868813779798,0.645194973834149,1.49025032441915
0.971113725165947,0.109293724317473,0.930698489470773,2.99796502077585
0.0214621650032488,-0.1400144193174,-0.299335023798702,0.776977428009608
0.702939742158053,0.974965951026646,1.47633753540457,2.79972816208791
0.305651206884491,-0.0313454012136441,1.03513033658386,2.33496337164968
0.152967363806868,0.123707183064853,-0.0509330528907341,-0.00841987884927001
0.0793004938331609,0.0619520606522018,-0.270796379588662,-0.136804351470192
-0.112076857193004,1.11984370699051,-0.0090071968547445,1.69624537353738
-0.0308511625781264,-0.259189935544984,0.7147817641517,1.93392929109345
0.399523736181301,0.890781963580919,1.34432625432889,0.526876763833195
-0.107021483434145,1.29158765780708,0.924795588563914,0.614199142776782
0.0480278323640416,0.230374247629633,0.966671863023511,2.67747254254129
-0.121148390718302,1.08300640111505,0.0179629634833904,1.11976513114522
1.12819456144376,0.322528569621613,1.29723796621594,1.95440081928639
0.88775297749433,0.312439776367608,-0.457845265897567,3.02614500345386
0.858385253918956,0.0966962956382441,0.17359698725635,2.45691494825953
-0.358103072461089,1.07597521197088,0.761355043767134,2.87652876124071
0.315379802555168,-0.0336099055842417,0.080521598980815,0.136683638144839
-0.00312997070089346,0.20496158067144,0.82721074515039,0.574659499287294
-0.147360617898257,0.0398762125132465,1.388667292371,2.22632685695127
1.22925355626319,-0.41032571038977,-0.427242727681331,1.70504544188509
-0.158185265339802,0.766291379558811,0.939535244557328,2.08062102872015
-0.36658403089473,0.835479744395471,-0.0525095214432106,0.785299768241051
0.0320810295623582,1.40656981279421,-0.516058337439259,0.716614650326521
0.0148623312586038,1.07543537658457,0.896193184191418,2.6283291209597
-0.564674926453517,1.06807642726578,0.660419315452215,0.588597059082335
0.12653048395197,-0.0504122230329656,0.0605333850644311,-0.294172388530101
1.12860966229177,-0.516413188692048,1.08569997732741,3.22876639397142
-0.031552255121249,0.484969164774083,-0.487738934693663,-1.0314412748344
0.123396342114949,0.871384566330031,0.92882486679095,2.33157635102225
-0.519989350434858,-0.0968696466307007,0.843263651062268,1.61742601085969
1.27061078871303,0.0410797178019179,-0.245468323690391,2.58635025489517
-0.197886313277725,0.853840860675177,-0.142014506517029,0.868373928173125
-0.123085683235285,0.0934153713150384,-0.104134962640277,-0.0201474670422951
1.25559603138408,-0.415790844498108,-0.266561791173762,3.10018448764099
0.982791551366466,0.0519032279709772,0.455215201475035,1.31802627072214
0.85261950516685,0.00153851977937137,0.812501392586595,1.87847688458361
-0.0405936237788463,-0.185540986308632,0.729458524673914,1.41201659479518
-0.186197662693452,1.15659639155463,1.01981570437834,2.38891217522169
0.0562254949461814,1.10934227657543,0.154807878958953,0.241188446263514
-0.13244124842651,1.0390810577345,0.840379514498937,1.79621915527528
-0.453867337575636,1.15853392627336,1.08498426516205,2.44481018059336
1.10438935714709,0.616713187693013,0.893421747913235,3.30920539090654
-0.164357741817559,0.15355723022664,0.786608032791704,1.60941877049307
0.225569109348188,0.577255913024596,0.0680338134370786,0.828713068830425
0.0944697457384542,1.15531583613969,0.230994232352466,1.86749036283631
-0.133980371987133,0.748249849337663,0.0657199427831149,1.78731311809095
0.37146562811398,1.14801806862369,0.164062000962785,0.457552042574595
0.912261236655219,0.165127569850519,0.669451724220285,2.50187753297051
-0.358213294162476,1.10175751833462,-0.268302754134638,2.64152234120478
1.15565909727104,0.384830879504008,0.329355712433018,2.57907666382024
0.300781165380967,0.895805006108251,-0.0630524380171334,-0.0222635005509142
-0.389220793201191,0.291816073037274,0.181379000945233,0.0211973527840775
1.01136201034574,-0.293010212447734,0.69302251209227,3.44401346710375
1.34589616790691,-0.161206645510012,0.023504608491983,2.50332897796268
-0.257470802825965,1.38870307844895,1.05964813558112,1.72681664368425
-0.0855299794867738,1.34394710677117,0.204789796693454,0.688634894713053
0.774287892996138,0.0338328843041992,1.64196581241882,2.7540583152555
0.411193191257294,0.19643073095726,1.36634489298822,2.04481334529796
0.954891317341562,0.046654464136088,-0.3593511706498,2.66958564398198
0.141009477788532,1.10323042264976,1.20355973385649,2.00007695685866
1.07575439645753,0.121724693856412,1.09283332175021,3.15581704162532
-0.206433244693738,-0.105394884110608,0.975680097335178,0.838064634989468
0.316301068521444,-0.549958765369996,0.750251541261278,1.70991191375954
1.40866499573682,0.234714109902169,1.30964349205554,4.02681425771124
0.155843324612513,1.08948554702344,0.489866714736711,0.39026684613916
-0.0379670444836942,-0.230124913532873,-0.0724776709220721,0.217130421959569
-0.142095082865067,1.24442806267041,1.11820558942789,3.21906896876878
1.19980325864435,-0.650762643430908,-0.390679533934683,1.36900700159927
0.191667500320321,0.738621709542253,0.600591888280862,1.18775874838324
1.08955616947293,-0.216393847641872,-0.104825327741347,1.86820253066004
0.879732927156782,-0.103969854779495,0.640876088263314,2.74714470526812
-0.0317977133027299,1.3193100717996,1.31677227345336,2.74331526046085
-0.0321717389715851,0.856003426025015,1.06469842454565,0.970664100449811
-0.510926276303708,-0.00112336772343224,1.13685318991402,3.09294427152809
0.050334133394409,0.846363271438815,0.959124349196206,0.359971677142805
-0.205712963756618,-0.0852642631812268,0.99589058653308,1.55515983150172
-0.375649011441443,-0.178720945092259,0.963327704403788,1.77964909178232
0.191045026709516,0.108678285029862,0.874120225037501,2.73144302326293
0.214415039726958,0.783431491342303,-0.0264555119156691,1.80440972846137
0.935945915748351,0.537107594024719,0.427759801476748,2.30108785839169
0.132519898316174,0.319388235867083,0.464811724592213,2.00168430937517
0.455451264361349,-0.0549964565450393,-0.00849161321138631,0.186299589215217
1.02189663941433,0.638526145649128,0.440301167061407,0.385207762695055
1.12553885272129,-0.0935149245226057,0.374452879103642,1.75666357896533
-0.325829664281229,1.09687045516557,0.250337895624789,1.80871598410595
-0.385848129230811,0.348912778220803,-0.350404447023107,-0.419060300504314
0.808847812361892,-0.0434299439493785,-0.0783593356431424,3.18272165261668
-0.100404292719947,0.0613140701751288,0.284862468898374,-0.306204810338645
0.543017112716166,0.896041528839315,0.546203956683768,-0.913010149642133
0.36896923468526,0.936145030458902,0.855959098807015,2.27384113061392
-0.0324660884109632,-0.101361028214777,-0.0124253299199938,-0.126287208876464
1.06055589646979,-0.687254101704935,-0.187861996946429,0.899404485832197
0.87853157901474,-0.300660841023371,1.19823813907364,1.66769433156826
0.141671348001593,0.831407713919064,0.970493374865599,3.04722877118633
-0.255939869000429,0.0597527430939319,0.287464042319657,0.37537378517642
0.299427042479506,-0.127719249217514,1.07992316164548,0.847171249553678
0.926436570887022,1.14968782956905,1.02003312160995,3.73438962285234
0.0173575301441138,0.224969287448161,-0.228205026717236,0.591692648684442
-0.0701503994290858,-0.0387436940363598,1.06002575172059,2.41275068398179
-0.328384101805789,0.598019066179023,1.19064022972628,1.26974802454194
0.378641037409624,1.41101155786652,0.752688867837029,2.71507617568991
-0.21350436412104,0.801902443950354,0.0296056066903739,0.953757749692976
1.15229578471707,-0.114713311501566,-0.0590263590381111,0.851013044618089
0.0179045288934365,0.864486385200154,0.00801224388390428,2.18566111442849
1.27097043868324,-0.2749119775006,0.635913765064742,2.18715910370334
0.0902396479701601,1.408564203255,-0.0195856117074475,1.10574343484223
0.326720218976581,1.07636103746575,-0.124303362902833,0.709269630035757
0.105296665291458,0.582890651716942,1.38360433432082,0.999595977562453
1.06288647545991,0.495952253281095,-0.138476215686441,0.879857956559652
-0.415195096290046,0.30484967951266,1.02585233117558,2.85787304529849
1.20301693561741,-0.00852912010409173,1.07057257244486,1.7250908270623
-0.0327019525623109,1.39255545565151,-0.0811295670114441,0.370471968871229
0.645382400961433,-0.208438869070971,-0.613283400413343,2.36255959998008
0.280454878767919,-0.537872705543505,0.20301709801499,-0.237254097178975
0.429747453976449,0.195723700999082,-0.249921849529526,-0.660359755258291
0.53327396484908,0.138475353695697,-0.0444665162692964,-2.78187329496592
-0.00240628462136095,1.20418352833818,-0.384476179014552,1.88609965747495
0.0313602420835614,0.359538558289108,0.980789108277945,0.417405306104062
0.328234395619541,0.866221433199195,-0.24281943040457,0.282740216265672
1.26626566215796,0.27098403404234,-0.528554871472326,1.68926765266642
1.40364608455584,-0.299627857867832,1.13724389610044,1.71338387227757
0.00328757651990513,0.945930489687386,-0.0545356336849661,0.335663458309684
0.109082231624439,-0.230655762640899,0.111331196339941,-0.401092967927289
0.230988898080047,0.815791348438009,1.17131097841426,1.96767274604548
-0.153838671970956,0.54167259199539,0.178950649442721,-2.20429748456689
-0.07296544490713,1.89155697212361,1.34527357330652,3.35045547484769
0.123171201691873,1.34505034627391,-0.188514605559425,0.939988543277345
0.300272019216576,0.0625907465521229,0.0161284568813276,0.15392479866999
1.10552565397818,-0.305862985125255,0.0194436871925827,3.74774480813833
0.0637158120638624,0.728562272564153,0.681284454435681,2.1058551191413
0.22510670220015,0.15465439698602,-0.070029254278905,-0.698978293030017
0.902291337840092,0.108434419030374,0.0196631530476889,1.60482987600427
0.140279351884514,1.07925507452492,1.5377602452198,2.09385886457782
0.346023053553465,0.0655681002153173,0.851645624222665,2.13587358704486
-0.242752229081096,0.221584884688281,-0.107577440496741,0.298473496435531
-0.0420039966412243,0.0209049377293403,-0.0964687919919833,0.660650377742683
-0.0138353021511341,0.0455743961140676,1.11131628053026,1.3332345148986
0.403462567220798,0.825859407325903,-0.105662644442754,0.0565010620156392
0.362940008030584,1.1204051378225,0.600653399790985,1.22213574002978
1.43212894036393,0.328452721935725,0.685427112159221,2.07620332480876
1.37695826655791,-0.298170750082242,0.787257137177238,3.11183527422974
-0.0843662947948479,0.832712581778835,0.116028410191193,1.6551890125427
-0.113752947936842,0.262184924687401,0.0119898394097561,-0.194002512896679
0.137195615565961,0.322538801942068,0.808082576586541,1.98965447769104
1.25652791305952,0.112739712131736,-0.182402517164518,2.9614852301932
1.41390899810234,1.24270344581751,1.31741591217365,3.23244241884782
1.01988274781089,0.101349045740249,0.0841125313362216,0.456621425574043
1.00144942837775,0.233843467217169,0.190213958152828,0.56962967619709
0.752953927804747,-0.324195339478417,1.09020639051093,2.52540626307387
1.28906484757766,-0.0743865736459414,1.48761790342088,3.00279430902243
0.908848887448953,-0.275206098034124,0.314504953917838,1.81767371042269
-0.555446952256691,0.433816005513572,0.801712426223168,1.87452037263398
0.841858723311123,-0.279787312471415,0.0382573766208033,2.28573387726593
-0.231347467480959,0.156009324892442,0.0651362384964022,0.310708779776872
-0.117186012815618,0.0690352431533857,0.742067457514509,1.98544687996153
1.01365659559675,-0.0134436029605866,1.15608950681015,2.70860635558638
-0.240423771407703,-0.0828270462029202,1.05456120554913,2.49703633100514
0.268888684183813,0.185953635411039,0.914156808051965,1.62122403222353
0.75067524430483,0.527171652752585,0.91027680432072,0.67616267518387
1.24417884452975,0.123275760120581,0.593754309659745,1.24604090278071
0.260198266813013,0.920188375573589,0.680198072313387,1.57765809777714
-0.234248962200669,0.416834343034363,1.25607841725988,1.08617721563535
0.458573808404466,-0.508288715420114,0.528759750602535,0.390173460014327
0.0218568846204758,0.521298332634015,-0.569971305444323,-0.396954291634406
-0.171956311274172,1.47222931051191,0.497097300672128,-1.83493059605408
1.34439769720534,-0.103650863975574,0.0859590122057445,2.255995332566
0.894190272158035,0.0205985267368195,1.42980283026253,2.96871866289937
-0.108771604829639,0.609298864263962,-0.00963585865048103,0.841236409825822
0.923722909630408,-0.0292891030537101,-0.118501141903442,1.6839946497163
1.20436120336707,0.0729220037089298,0.602178361725794,1.55309504683872
0.957387605003624,0.0834090572830472,0.00349988805380064,2.39202544760562
-0.0197545151069721,1.15577857564225,-0.402718955780239,0.24903532735455
1.37143010372812,-0.0610614315653697,-0.0957607569199171,1.10894834979678
-0.351927494363048,0.372241627350768,0.132807770220004,-0.311299579813393
-0.146202577236624,1.0779568121978,0.383785198571924,0.320057458346378
0.293333685217694,1.03679305037694,0.458306644579137,-0.695333180482936
0.902101270609207,0.344960165490338,-0.0109782145541388,1.6620853619973
0.0725269701920712,0.108268817220925,1.12178302943228,2.98398506303551
0.0932865092423731,0.712067584491398,1.03662121516666,2.49237775230207
0.818210881916446,0.843403147944264,-0.35762246851395,-0.519602231129358
0.879599752154501,-0.167648081601521,1.16598476747626,3.96605649230097
0.960617687238256,-0.132581184418434,0.812943166083297,2.22770417758914
1.03457101158996,0.229779661101298,0.113518161856427,4.01011162991654
0.492835417822107,1.31728569277895,1.17707072880057,0.665800875681127
1.38050290953411,-0.125481472929939,-0.0292803977121542,2.28478462626225
1.27080131562108,0.12092617408733,-0.622230150797291,1.19179354042317
0.184206904494709,0.605600408405418,1.17099617853885,-0.380845734802394
1.34358912351992,-0.0505313238404949,-0.0607726101061074,2.27709719668602
1.14481924431264,-0.0463094554781722,0.140929571037036,2.9275592499312
1.00234791018925,-0.0530956562179847,-0.00725697585991998,0.457557907887477
0.162601966214189,-0.413879183428869,0.376972860127026,2.32063910026652
0.541754905458815,0.213981258464617,0.632478943615499,-0.618715471574253
1.08561400056388,0.163906496392211,0.310798037032583,1.94603424286633
0.866877663449977,1.23879748737289,0.867594255099318,2.93333109933842
-0.190267442867692,-0.107634542132584,1.17416229311708,2.12055776372967
-0.169328468438205,0.123311527868142,1.20433628866166,1.37504455060444
1.13591926448786,0.082741198708554,0.856584688976206,2.49025181325271
0.690518291833809,0.110082895358649,1.00314023914727,3.34511426275383
-0.209636083438375,0.896753207316197,-0.398225063347532,0.446229331164274
0.04853345591412,-0.0599601310299507,0.309223107238501,0.150323558862423
-0.00502789575428961,1.30376938567406,-0.0620749627756804,1.21444577276407
0.169018463532131,1.0539712334961,-0.0280283232671581,0.437029023669656
-0.314410538417325,-0.552074078183206,1.35364112285199,2.61274011361731
0.662322473183273,-0.358097578954938,0.778156527416738,2.88777711634314
1.07756126496556,-0.206841412605323,-0.807179914198183,1.85154135844508
1.28602613519127,-0.123371792624683,1.08004336387223,4.13680778274132
0.182808840942264,-0.0471898329642729,0.566162466607051,0.621915405616669
0.0130712742294124,0.00989986051807795,-0.206671903662036,-0.088778178903787
0.462688765247116,1.11539269218654,0.870724598928041,2.03040059508877
-0.564952799909866,1.35155928166784,0.85144093239304,2.49089321813463
0.965829442738364,-0.0777493269453257,0.917030979879631,2.56378154434421
0.0358794909510734,0.0212343513721808,0.239060651087542,0.0667445151575448
0.0368279506421307,1.33264833879935,-0.327986833337218,0.64387107900571
0.978508353774437,0.388679092296168,0.917538526746142,2.12739489318824
1.4453363034758,0.0643713068686915,0.173563970940983,2.88736396930818
0.833012733449118,0.380943233714867,1.12912109814512,3.75628436168213
-0.0267924578939975,0.048473301337236,0.831262633211202,3.20441661727708
1.31508574963951,-0.647681853990724,0.958867980242922,2.06240983188682
-0.173079055082603,0.377577455214496,0.0847174601819338,0.150702324498943
1.41340276896443,-0.270031327200757,1.30099467087664,3.18106181720618
1.05317048335736,0.193530413121507,-0.330227496070115,0.535971844657701
0.463634482149479,-0.273247265548028,1.0699538475585,0.889088579530641
0.303028880161076,-0.0418291078905741,0.832326964084249,1.07240588557878
-0.125813588029806,1.14062128821741,-0.678522682884556,2.39528477981687
0.763040965378107,-0.274619301118203,-0.344814067156568,3.15411319182006
0.981214947313659,1.20597630934035,0.917830947102992,2.24540118752237
0.328819381436063,1.03312622054625,-0.0789595629077686,2.94544623390155
1.10670321931502,0.239468677746388,0.0702977108802565,1.31501500131776
0.22520652759897,-0.124682001564704,1.17948014679716,1.08482781515257
0.139289095384511,-0.0374765902628037,1.18566185424398,2.592081233823
-0.247421281186412,-0.101294167070362,-0.185081503762417,-0.844470283550625
0.222935050880416,0.188155913944952,1.15246169944673,1.77714782676475
0.418170825958674,-0.328614222775087,1.20703131089948,1.8552503556578
-0.485780823744439,0.900320334485767,0.300194459860301,0.805492770565167
0.250552760614876,0.785147966421469,0.159636787426782,-1.40311605759406
0.625496651371129,1.0404519185073,1.00046656671706,3.66028132721553
0.0325509093396972,0.0126357735020769,-0.266494020539273,0.868452899201442
0.21811983535808,1.07100793238045,-0.1759666245447,2.14608558529646
0.100701297444539,0.469899502596406,0.21171626323172,0.295843332039039
0.133535241076564,0.243515840959743,0.943958669746509,1.51347000024958
0.991535068858806,0.33221492144689,0.0740755037762637,2.22108643255779
-0.201008656499154,0.778876697166071,0.107599339246894,1.31967711221465
1.52560665068939,-0.148338692253627,1.27286741746349,3.05914061012186
0.891711914303446,0.00631642240151335,-0.184166604725427,3.49962794426621
-0.321677920284977,-0.400336299137712,1.89668484997378,2.66242381607397
0.320534922659601,0.187336140661044,1.29453289277797,2.02727991074411
0.13672667011384,1.10299308870524,0.291099916789809,-0.901689966271613
0.936984789898774,-0.0265237189720198,1.04286208957002,2.88207961024886
0.339882058163725,0.939246031411077,0.376131702050397,-1.12872287940986
-0.132887217994584,1.01023332636561,0.402656186780335,-0.454704460550626
-0.167862232968653,0.846132637454993,1.13445380541312,2.18602272998653
-0.336677178608146,0.00135309599329703,-0.0988061692061644,0.449564362915269
-0.0120767062126586,0.968065155803278,1.3748115706367,2.84169910952501
0.0230667314426003,0.859081902852027,-0.662134584865592,0.644269603229504
-0.39344171358918,-0.476602333683968,-0.39410604880929,0.0775017931635793
1.24705091121358,0.0466569820384186,0.650364962968544,2.80854048053328
0.987950100053631,-0.033364906087142,0.572954914996015,1.00652279535964
-0.0481525339371379,1.21144917126608,1.23807290307499,3.36804385143081
0.286778999130432,0.929594251101402,1.21231686691187,0.596302888591612
0.571202447458616,0.473612896628002,-0.357840025715834,1.54594005951775
0.644950424575495,-0.140382217136307,-0.252114977732012,0.971371212238581
-0.282762763772044,0.730946368527583,-0.170961172603056,1.44037605543521
-0.275091910064191,0.0744000724682466,1.01390564887995,1.59894630794699
0.634391714919164,-0.228287044913302,0.670363008270629,-0.101397850096856
-0.0681661229437173,-0.118004820751877,0.85575764026521,2.33750404349942
1.30699834429361,-0.0257542606411537,1.05965466681208,3.19735259033847
0.881884054649321,0.148856511617823,-0.298683674748723,2.38220009149921
0.104140702578451,-0.0454388495689511,-0.190711946248863,0.740572267528694
-0.348263763469752,0.900421228389893,0.644790453297842,2.58875148179088
0.903793106663353,0.285738787168114,0.117251133873106,2.02193155215043
-0.445629649847922,1.00016952739377,-0.106866146367589,0.131697573301319
0.174297444588498,1.29131766963798,1.67115514043424,2.521087640369
-0.274846862135719,0.0562797983377322,0.812287818703224,2.7389025981867
0.36694895470614,0.74125764357195,0.228333603199459,1.58896445347654
1.45088250310393,0.664252940668107,-0.257278153023503,1.33923470527349
0.0757640858350515,0.764522718284653,0.026896202928828,0.000659278328039581
0.0416664478461854,0.0615482195125862,-0.0651804688025607,-0.00854101254806493
1.08235053239309,0.334684428922413,-0.308333113012427,1.73978337466938
1.31561303724097,0.201419378689907,-0.444848544000143,2.64486260478406
0.516226737404078,-0.118937834448021,0.281481405588799,-1.71655056431442
-0.343613628618858,0.0997708512054051,-0.217461635019826,0.902714010759911
0.152543219719298,0.0353437073113448,1.19581131313769,1.56867465590366
0.901558708186633,0.363658986821999,1.23975601587713,2.87810592375677
0.0250859160627343,-0.547411009152874,0.115046059405128,-0.0547804887985395
-0.330563266612338,0.703713478432478,1.12758020972325,1.50430480211899
0.762427858588946,0.1055374774542,-0.222179335511796,2.45971319343628
1.11674532469949,-0.141840461964353,0.308937012449374,1.34962970394433
-0.0770549221362136,-0.241006830509233,0.146442370613465,-0.0053309259555566
1.33159458298725,-0.144964804936127,1.03480936976989,2.87059682828758
0.139354913042184,0.0868607557903341,-0.104908410346927,0.476796544045247
1.0196095403119,0.319950763265877,0.0781095106761866,0.983849733557798
-0.29763950931544,0.142764148366799,-0.447048822032211,0.0656391648405189
1.38649675198241,-0.179435263550812,1.03260025613492,3.37919279521905
0.0631308707567924,1.03938254925102,1.67551449143275,2.18528901437441
0.194378523941473,0.117852463477816,0.535244638303815,0.541963980217481
-0.115364463896979,-0.203286849065627,1.02942568389306,2.21818269018566
-0.0556424077534964,1.53944310045214,-0.439772069181773,1.28244416004078
0.80590457044593,1.09960883562677,1.16633674559961,2.03393753238241
0.22652181064357,-0.0542688015022849,1.10080629612292,2.27825169257498
1.17311494441365,0.422771483393232,0.885781618272313,1.50627828174979
1.08427724836291,-0.0764021664970367,0.198981314402926,1.11588116655719
0.216443869387221,0.183621158928629,0.146125335090488,0.492682249235666
0.81521679399895,0.404268861284971,0.727045226877804,2.6725479406324
1.23458889966005,0.364623514348418,-0.237824946543796,2.86422854613192
0.119998010698767,0.0944164746438172,0.0479606384053904,0.11461592909091
0.0197903828576866,0.809069310174415,0.799858473963805,2.98645871548081
-0.141712414857155,0.990922985032377,0.0227415797493177,0.115536188304784
1.29694501348288,0.0969131307572792,1.15198992318817,2.72053831781874
1.35850754455019,0.0985089684473725,1.15435235465752,2.96596997178147
1.13302178188623,0.0650286302190106,-0.244528522780444,1.72318370853129
-0.18800182460332,0.818920386626105,-0.0850911934163486,1.03426665859352
0.149264953248541,0.356448720918637,1.26337390204971,1.12636622938674
-0.140902200954538,-0.310883129861991,-0.079797475372201,-0.175963343658065
-0.106412348240437,0.937197592504229,0.400310143008215,-0.136250986531337
1.36939433926474,-0.0503904353316307,0.91177286942507,3.15998106326368
0.367354177341469,0.891551415259717,0.860407615152886,1.56596272972577
0.0373049178214699,1.13865815078753,0.474765849142319,-1.19495642530083
0.817268474719782,0.137615108652165,0.240993439275383,2.56926672338624
-0.0996487029102492,0.752169733916852,0.829073057389889,1.9221192521279
-0.383774463267019,-0.209097746215421,1.53420533644292,1.87840830409466
0.371342051647594,0.527166326633775,0.849855899163243,-0.459553435123974
-0.267195303074355,1.24230367439436,-0.242071956154817,1.48864298772355
0.988359758380957,-0.0975835991359098,-0.0270012330948927,2.68056637969851
0.129855431370168,0.396833110029041,1.20317786023611,1.3672207696862
0.335824928566805,1.52013842965246,1.32370574414606,2.40141032014706
0.917082848241711,-0.516361068279123,1.19517891376203,2.51846012793112
-0.329901626395336,-0.07532504738683,0.167488793122048,0.319119546557638
-0.244841558433385,1.12826363897472,0.992091092416458,1.61798408327724
-0.0066335921582362,1.02951017903444,0.728350644820852,0.518530335801101
0.00971578063521891,0.722315187997185,-0.327005932470515,0.595429015353067
1.18203473024737,0.623279563368883,-0.223919154627899,0.799171590161006
0.661958857045234,-0.0766076709794774,0.0905883987170174,1.00917823808566
-0.0407705508582439,1.22734035519483,1.01488644589752,2.27044973877258
0.00966984873791265,0.617565608054316,1.0914588742014,2.89544291933474
0.0148191861218621,0.98996218836338,-0.0345622054269959,0.766303504784403
-0.326039251308227,-0.148469380929031,0.405456133622186,-0.480833719695307
1.37940317553818,-0.0892047648139063,-0.134000186832106,1.39167311521894
0.178355343664552,-0.273134292928918,1.33850018285426,1.51992449217896
0.297480084864778,0.853800319296726,1.4660669548438,1.26408447588436
0.972840242841563,-0.204994414695856,0.237249101571554,2.40182180891846
0.986937037941815,-0.342488287666185,0.70908772511067,3.31598743653057
0.989212411579839,-0.404761890829482,0.263566612280799,2.39464141409306
-0.0864229584341563,1.31262930411505,1.0693396197701,3.46736450407209
1.15040977282903,0.172065734093212,0.21929659269127,1.93861876504963
-0.137383259587014,0.607973065617318,0.368402029025387,-1.25169587187649
1.00315177324346,0.541504422467665,1.61937012048607,0.638910369476765
0.358309744166176,0.011493840187137,-0.152476585427279,-0.696010797252121
-0.0124752582866943,0.0814295801318583,0.997344549338403,2.29564848279288
0.909185244645215,1.05951770397175,0.89485971742597,4.94997094905133
-0.151663384952824,-0.396362658161981,1.517314027154,0.199247005227718
0.154474270366326,0.897122762865377,-0.398755145591499,0.54136161295691
0.856307862679962,0.728240592661019,1.11962870010449,4.08821269708049
0.159776267109634,1.00147771657437,1.51354543088937,1.62159021738834
0.176644931918912,-0.0895225660248853,0.836883764472569,2.45874834879801
-0.0569990323384928,0.74725515136946,0.899670002801524,2.33496407096343
1.1454225103724,-0.287504798920258,0.814966643186303,2.01631436534542
-0.314516729197206,0.980580406630726,0.100228954509352,0.162560772294003
0.492062198800933,0.675911447080971,-0.254175021880061,0.1920464729087
1.10226443447995,0.108004852657436,0.917259813500398,3.20779273114208
0.216127658671341,0.97403899085655,0.163542512778577,0.612850509446872
-0.105036573723981,0.845037053367385,-0.444539410228553,-0.614649365096018
-0.114347435501751,-0.142455894559704,-0.112535734491899,0.679958611988171
0.0967892203230963,-0.0558291477696977,1.03425718465779,1.80087856488035
0.0273062295488576,-0.524655813432075,1.00562738132042,2.83940127304779
-0.0646662889821613,0.191226530045507,1.15156519288486,2.5039179746691
-0.0248889872425128,0.367593700765706,1.1926804701871,1.74770423077919
-0.0551285239010631,0.739757207411781,-0.15710332812606,0.651753274070262
1.15732309115035,1.34644856145996,0.705978404388402,2.78610118141823
1.15890302783515,-0.105727785455484,0.359167035306072,1.28749892199835
-0.170584459128585,1.08875047758981,1.21392447659676,3.74618948935971
0.0238198007884839,-0.0793123026876959,0.179977232594766,-0.548150400912845
-0.253053064989683,0.141925998627375,0.961520347141122,3.41799885030255
1.08499645916075,-0.0744160781690934,0.148859044043217,1.78869702188376
0.946438302559375,0.322084312415045,0.590163089616232,1.22776656989209
0.179418035773461,0.839801479758436,0.951084982511975,1.08196458422582
0.0275402592511393,-0.291562571137925,0.832668644573636,2.81590356162822
-0.370783529951155,0.795846819439059,0.763631348179882,1.94189281970406
-0.254156779263833,1.2590225466827,0.998193283801118,2.2303541093994
0.337779903171748,-0.138604884065891,-0.102600332882845,0.594718335086352
0.216117966118338,0.325764687026259,1.35733953448947,1.51632192770622
-0.144977932018924,-0.0640152464368612,-0.408267130055039,1.16764768722016
0.119722998108587,-0.136398295443396,1.06587275149445,1.57548165870648
0.0986016995282916,0.424382212204894,0.789646958660995,2.88749266690052
-0.643156710011929,0.500774622480565,0.981581428677513,0.412954678362348
0.250975127197471,0.0160311037168453,0.884202590596729,2.11309519298024
0.925961529284649,0.316700994014611,0.994318268824534,2.07600636317524
-0.65942901677233,-0.00269946444202747,1.09502975963872,3.30372941165733
1.07675334725854,0.300910882656158,1.00448330279788,3.66602162919153
-0.0344166986061456,-0.278567942526722,1.24924004309881,1.61528946473476
0.924759132161465,-0.19402936965571,-0.274199431556237,2.6224268493278
0.0108968469252616,0.527857676008097,0.996009108327015,0.72497886706707
-0.000719093672102519,0.859416115564879,0.00343976989116332,0.537495333498163
0.849124163863426,-0.608890983347841,0.475994931997098,-0.286144331528244
1.10249882353694,-0.253085808252442,1.29532597500027,2.41052361990463
0.964775497820837,-0.0159096822666314,-0.169994231017602,2.84823840404101
0.865545216781474,0.110676450014493,-0.0302682616890165,1.64660663104985
0.152484036340493,0.4760859326625,0.905899189294519,0.0565123438136101
1.07186944472866,0.226147788906031,0.0239509552245116,0.160255128844847
0.121661332206165,-0.264932312410814,0.620951654212101,0.714542856209329
0.0487098674544324,0.659696828400149,-0.44398869202568,0.367449921760681
0.225402106017396,-0.405446264974604,0.813879015927253,0.15361254945045
1.07479636343518,-0.472892385719483,-0.149099763511161,1.84433322130191
1.21194152720216,0.073043425210396,0.0262699317490633,1.01440167069632
-0.178738483570822,1.04980331543181,1.23897117509302,1.74045746654251
0.658484368552429,1.19441690791543,0.262749391395456,1.17435620658404
1.10665562688009,0.862515584575325,1.29597571007036,3.89130247309257
0.477049645605388,-0.022736514640798,0.762828199106458,-0.206481052243692
0.564500989124085,1.23015560110368,0.0579590432336512,-0.101785822931519
-0.288689213048893,0.903259772173471,1.06874372223766,2.87464591985977
0.563364456285076,-0.143075349132095,0.977802625004426,1.44995980203239
-0.109523579984447,-0.112131947554602,1.0209366300708,3.29973449189749
0.277139966543583,-0.187587724611053,-0.162139155627379,0.0985137775878906
0.0152568654085207,1.27949717169078,-0.320030719582254,0.869360955842293
0.822688857407765,0.116913149799754,0.286715812545503,0.972677266260797
1.05425392365791,-0.00411350850468686,-0.192297231729696,1.71648004037711
1.46763838267721,-0.0493129528505276,0.168202232555904,1.84033467278232
-0.192252455354454,0.907568425183426,0.0608641312092993,0.69258180745048
0.0976295726941807,-0.263115889402557,0.978897247425218,0.874857931471045
0.150415988756907,-0.224485888888764,0.253331369852726,-0.445431510469007
-0.0658629322770167,-0.540167464508969,0.73615095415743,1.81476070899524
0.671617962495123,-0.339019316783483,0.859944400915848,3.26596984084982
0.22467496416205,0.944006714223877,1.37758081193626,1.6958841302507
-0.0789957684854769,1.55411254685338,0.793101075858874,3.1180949198398
0.341859564607121,1.00959311371917,0.903477358609582,2.42759618895364
0.371170685282849,1.19071693917153,0.0884867521253682,1.00685711308568
-0.0984778488839698,0.870643905074195,0.791975692466641,3.3386709590252
-0.4052103132021,0.106495065767681,0.215296613588663,0.939741095026374
-0.0133078311994683,0.659803536142251,0.763274458761458,3.22605747282984
1.17948856684197,-0.253277657374712,0.00321142387471795,3.17247299421191
1.28652522035451,0.822120362676098,0.932189975931222,3.67126895725498
-0.179149349942778,1.33075390899698,0.664488623484429,3.30812718772335
0.406939918690519,1.04694167805744,0.994775924633369,1.84938950588003
0.955849794943884,-0.350005970133779,-0.38148670161163,2.78361805910186
-0.0559056434029585,0.724684164233655,-0.194662682469049,1.19660604402579
-0.0935856433525949,0.647095343140805,0.27125725251373,0.274225316968518
-0.152028485712654,-0.114594807901975,1.08941591530355,3.09744880270738
-0.0762573044131726,0.241336020580113,1.02187321687851,1.46897851837582
-0.0811121195938634,0.131447972472687,0.924709720278422,2.39690857235192
1.37764819645728,0.163630772337902,0.0334425325947673,2.38973928832765
0.619811188745467,-0.141531270525292,1.71760444462059,1.24927333856297
0.103573799027408,1.03406885231118,-0.0928951135747345,0.752264638288769
-0.151048858639862,-0.29916520626287,1.32236106516559,2.4445504123485
0.045148222746498,1.3593631839706,0.369433003920943,1.18710994975111
-0.373193715061285,-0.18101493916106,0.129378916824394,1.06156179287958
-0.0501650164524787,-0.189885688617562,0.350190980688025,0.473224691918093
0.475253441169556,0.798070443590074,0.833891594889922,1.43208419292458
-0.227015758098256,0.0316361413704689,0.312477893782907,0.0146743177393829
0.953937841902897,0.380142879299081,0.927834549082859,3.40401259681302
0.919278252803281,0.362156838100578,0.210337019513096,1.17382492891601
0.833203368388396,-0.0704805442342213,0.816686526031299,3.08501115075803
0.332464787382903,-0.0833854983602161,0.23129272180129,-0.145318303500908
-0.0896537739573189,1.25035354882756,-0.319811336594108,0.407607912866564
-0.0701839624037783,0.843992816609757,-0.171550638494284,1.33696572713512
0.0404246205439403,0.209680362394527,1.19838921128996,1.43122175828255
0.667323195442057,-0.390158192524336,0.540117087948001,1.07289665786044
0.5472536180571,0.211070396334265,0.580095012197587,-0.339750857677562
-0.14793636675204,-0.187036472993368,0.277739801286931,-0.29426431826185
1.41592633379301,-0.245790226973505,0.179235602326899,2.32685653213
-0.21080645092309,0.948733478989671,0.098032804363296,0.0884084800922911
0.611865619293665,1.0957418145594,-0.44054419222554,1.16312340264898
-0.300442992939155,0.690951952364733,1.29747547049591,3.17686712929315
-0.206857396675098,1.15190924745266,0.462429440181093,1.27974237333242
1.30585246798808,-0.090641319771579,0.373855119799089,2.20628067393612
0.980272839823943,-0.334933883190375,-0.239076817163541,1.18545488248804
-0.0580824270695357,-0.0310484964269755,-0.330080647609677,0.994876813489556
0.046492490581096,1.16441397682619,0.0131667552737598,0.12740816983635
1.14093361971109,0.0525957592716579,1.4577278708934,3.94053540511998
1.22815580556579,-0.254535987807696,-0.118180040265046,1.56966634725312
1.51479106428653,0.0861083892338724,-0.230962726818885,0.978326388834861
0.758838848730395,0.723371691390998,1.40660489725998,3.330093240416
0.0316714865228724,-0.386193514774693,1.03105023846329,2.37345916398275
0.993411660210588,0.101062960460431,0.484028041821853,1.35404015557743
0.136463444901656,0.915891914516818,0.0849304733654987,1.99567683878007
-0.163637236428545,-0.335911670869516,0.0618323657291452,-0.146983326720287
0.212055657741115,1.12948174065343,0.768025981904125,3.04032135323267
0.337084201357295,-0.260547399583036,0.763477798091795,1.99203036846155
0.165158326131215,-0.0263505491582794,0.671762044233491,2.1711081501741
0.511955321269362,1.23070121155799,0.993838655262914,-0.0516276623845065
0.268560926089605,0.988935520850507,0.835991986488399,2.48622729170818
0.13423446131436,0.0677919385349096,1.25592014255815,2.25643922872025
0.799780628729374,0.156771759607412,0.161177746497478,3.0504746675473
0.137565492001364,0.836125338266734,1.23557953896115,3.35869516439125
0.87101572562102,-0.322245792573075,0.181774510305951,1.93719422794288
0.154111196901367,0.732585471356164,0.346571632411169,1.63805452704669
0.948051949868093,-0.0762674649244863,-0.0547486453878181,1.68677369599058
1.22579147916352,-0.208488985001113,1.25349019072769,2.96310470799726
0.233421947767275,-0.00528499467193386,0.174050728599555,0.0317185895073049
1.02137081366288,0.117897870213931,0.381367123886044,2.0021559798482
-0.360294503626348,0.0767832146197425,-0.0646926351122035,0.484735318852845
1.32972430892114,-0.100304660107783,0.256742398989497,1.26090347572825
-0.206364071829754,0.034454428425484,0.696720008076873,3.36785063072132
-0.0636560441690865,0.638019294243141,0.195550351906125,-0.924525792807458
1.13040717831007,-0.0864828179438533,-0.0872179851434702,1.40003983131977
0.185922765211561,1.00636492900658,0.965811881569797,3.53307673352894
1.3532344212494,0.268932249801203,-0.110150150489297,2.76138891631327
-0.35618040528045,-0.127530647117028,1.34271758815336,0.598138115158351
-0.0992798442619005,1.53756311702725,0.334646088078998,1.41871478743603
-0.459409717315396,0.943744228836326,1.2036205036543,2.83726583225524
0.987096109321267,0.0131255954614734,-0.503623653046822,2.36458229775268
1.08669001774215,0.300818568167553,1.0019607217137,3.27658873063691
-0.264937456406852,0.905130740899698,1.18479565946787,3.24739412272289
-0.496486013803201,0.837039544803112,1.15040309372392,2.85088094022334
1.0023326470674,0.0462600683501035,0.339692022654327,1.33754987434262
0.125145658683693,0.24512395690319,1.15987331817214,0.0427407231001877
0.799488658119566,-0.189620461317675,0.623582449967124,3.57066012473729
-0.0645402776601672,1.28511409094356,0.443518142128212,-0.198399697716878
-0.00792923030407236,-0.190588145621159,0.779459145862903,1.51403477622212
0.987014521704272,-0.175664059078662,-0.141094848696559,2.76514083379703
0.259202078292535,1.05166267598301,1.08457132814436,3.10845297996939
-0.173249193969957,-0.0963660095618914,1.32752753134891,2.42219399213997
0.215256096390114,-0.113969591032511,-0.0290243704593685,0.501524011671867
1.17250118300254,-0.0963971782193596,0.372693060828612,0.567269121414081
-0.111652109845886,0.45124693478103,0.81560338264481,2.20910183734982
0.0726711110838898,-0.0372250060775245,-0.0786668193014367,-0.00633457967127461
0.352732872106093,0.0009031145175722,-0.0473545269297296,0.63689055262932
-0.149550354012382,0.0334016942395837,-0.182050913912874,-0.871259421459923
1.03438092214617,-0.0437347859066692,-0.104231803786482,1.62115527003956
0.972922979274688,0.283399285931674,-0.782775525792151,2.57517645746762
-0.0356766312274461,0.960893407629596,0.101329833549532,0.00569584247330512
-0.0527555194678945,0.890427328268405,0.882009669814083,2.07511038678733
0.960962271924262,0.867520667908733,0.872435586410766,3.70738091000274
0.833943424814396,-0.274405229574373,0.855065568459855,4.04069528762001
1.03753166563016,0.130102391719537,0.0306756661509088,1.12823969098519
1.39459852142688,0.300750216134385,1.29800193554127,1.34141782186582
-0.650552482001975,1.14154798157136,0.853412106372039,3.49052870206253
0.937587795486434,0.0080783346375835,-0.311023588398789,2.08115308545585
0.195927157362347,1.23487500365141,-0.385137828623652,0.0420912943176258
-0.252552045447867,0.853037843839685,-0.433208307880024,-0.00887803818062237
0.0374161078492133,0.196705122926178,-0.0936393146894841,0.268431190749753
0.163327987957937,0.0156738794950712,0.109459485983104,-0.325178875628295
0.171564003085559,-0.0278841499478062,-0.217451489877526,0.130884711515715
-0.151577733679062,0.787275765362122,-0.34165899907368,-0.146504636850184
-0.342938488027979,0.146177118394263,0.928163807074876,1.28070565828278
0.41808280822697,-0.122483320348515,-0.088581250925772,1.35535319456774
0.188144925587008,-0.216841956369939,0.302928289675026,2.51226530575863
-0.411603979444843,0.0403092980310691,1.19662521829758,1.43343235877628
1.26832154080538,0.174606328189486,0.453775913445987,0.0886859601601295
0.496896694905425,1.17446302741294,-0.128851429513726,0.440968523092852
1.44027280809862,-0.160323830556173,-0.0587069889391913,2.10828470661786
0.817884292710053,-0.222884598164105,1.19494712930702,3.09255497185703
-0.0875093489796598,-0.0997631823744109,-0.152118889310982,-0.239335829160864
0.0469055685129572,1.026622669957,0.412533228460461,-0.135990559274721
-0.297826330162714,-0.0345419737889858,0.68526419695217,-0.0396783528694324
1.09890535177187,0.473862451789882,0.262474894701418,1.96749194288245
-0.020307316500962,0.89518173068753,0.0196627943518561,1.13321669750537
-0.0477213138502611,-0.145915217167525,1.26009834156852,2.95909475395375
0.884192284989491,-0.190421555824059,-0.157519397265808,1.13608740106588
0.580480167820116,0.347718200552706,0.893270628500909,1.89269062059259
-0.106710832913733,0.182485139461024,0.692438001289993,1.60147377955202
0.0496625160839684,0.72386759240613,0.934624720881266,1.99520858664908
1.17918768809227,-0.098363226356231,0.743481427077415,3.70946227978364
-0.269617370365967,0.155956978106254,1.5198383604591,1.30709456337327
-0.355733533088198,1.36890589221875,0.851620725520695,2.02245736899823
-0.33650265862067,1.06337774501045,0.632463418522994,1.69590861837925
1.15816328423891,-0.149300713431119,-0.393102063956525,2.27973598448275
0.00129895045824082,-0.320635301561667,-0.135857172648379,-0.262990002294976
-0.0472046201578249,0.461050192851371,1.11532457875722,1.44950743743947
-0.04763204514693,0.981416555367358,0.284975531983086,1.04199174403986
0.0170597475829621,-0.3151931235589,-0.0632631403077044,0.121124077636696
0.0240159641459484,0.549462741523159,0.125737913376659,-0.570135042061946
1.34715444839697,0.106402139484346,1.04396514694488,2.41933789904753
-0.165980281233608,0.986445399839979,0.285633371421242,0.419851676812023
1.11434344433847,0.0807837944755789,0.86741488771894,2.95695464280986
-0.266317179097903,-0.213675042341462,-0.15625944287258,-0.574489683770816
-0.159426049383171,-0.0920237483548771,1.39133570293256,1.04696177168387
-0.427772748735291,-0.117149560196142,0.95623577128222,3.50986880342723
0.036988279261309,-0.123158414815697,0.415224988894306,2.43392665500527
-0.270103332777177,0.391748184958657,0.824465778536327,1.30316732941532
0.388054389831715,0.0175273345560521,0.833258787664148,2.17623130006134
0.969303907654976,0.347545397779937,0.0633960512883016,0.947793987744284
-0.365336895422412,0.253841787490249,1.65344332416202,3.39085446480965
0.9117911034945,0.245838220277389,-0.193845455939919,1.60865758111047
-0.0525912942852372,0.298214109438629,0.302674987455086,-0.287919097341799
0.0165433822549549,0.0207501394367931,-0.0316197964135056,-0.308411095925794
-0.182676513504892,0.426670059705454,-0.0919558161115986,-0.725429839696637
-0.145519810259076,1.63926837833705,0.434857054985027,-0.0379620317132834
1.39273246291804,0.863018839022575,1.12166878910685,3.97852963186695
-0.29959667992515,-0.243690073871317,0.154159884297116,0.696914464756621
0.131230899087156,0.191645198232012,0.812190727937761,2.72417587626369
-0.0633889232280636,0.847702095092681,-0.179285241986925,0.101606313199791
-0.273611529163623,0.8915903992284,0.250603514343943,0.778426262570986
0.428378869590881,0.976982700458088,-0.0824565085444254,1.3532604608755
0.836384618494083,-0.39663522601496,0.343918511328753,1.7750809399077
0.18724530668371,-0.0607679886280437,-0.0407534415551702,0.320602581718401
-0.292518607906231,0.972865044514457,1.27102291021162,2.86799668443132
0.84314532598202,-0.115493750934017,1.33254766963394,2.92314837521394
0.15565837853602,0.246495098873042,0.0714951099019254,0.0818707771480668
-0.207427343503469,0.733866944961055,0.778585613379133,2.60799194810472
0.140965597934426,0.270154550882829,1.22846435368277,2.65792559637344
0.61594118698338,-0.11652082058328,-0.103520553522019,1.554243498194
0.542636295172376,0.756666500558474,0.601040890507339,-0.267086257118993
-0.38254923078989,0.208354976075398,-0.287698754359249,-0.193336570356234
0.216819041885357,0.098401344221786,0.428993446728227,-1.18996914913756
0.839471496295051,0.0119178989738976,1.31519169692906,3.17690270146497
1.01862502383333,0.244824643631489,-0.0344884220517283,3.0480256418016
0.384446075514944,0.84206344199428,-0.17475127415018,0.409801937227826
-0.172317301349408,1.02454866631329,0.940312012010655,0.813507155438171
-0.216289095179713,-0.234463803024739,-0.216012610790301,0.974769163294751
1.32553886811129,-0.298205652137326,0.77236217147461,2.99695415443512
0.266993405705393,0.0263498384596663,1.19874908112931,0.95300908268694
0.280821815061344,0.998167344619659,0.461865755648599,-0.614572644398168
0.341310775262562,0.306994919691197,0.209316930574114,0.0734123045025745
0.155364979961201,-0.21537919443493,1.15540710464122,1.73510235533346
0.931942830239453,-0.000519685440582379,-0.16132625660913,0.505518963579758
-0.542948913791261,0.32636624895574,0.582240041465656,0.547015144893397
1.45725292055268,0.290430151688423,-0.0495777419363366,2.57237602894981
1.50981728615539,-0.101403063874064,0.118330942157896,1.75689566394767
-0.0428973372937871,0.287113613666605,1.01207898776657,1.50301541270185
0.685392668103903,1.08765202670434,0.694981476982771,1.78796821628433
0.233428585873159,0.413415526924056,-0.379348092435787,-1.4206100769546
0.478306314581178,0.689521879503198,0.300297736264932,0.331471493787614
1.32154282382184,-0.184673347093437,-0.466164307183883,3.30353920205054
-0.193153901091764,1.08211048099632,0.13734767817027,0.201671922072642
0.814832610376954,-0.0772338356144251,-0.310544517064771,1.0791629632697
0.0627381796690975,1.22377085520301,-0.0745792534318186,1.1033388317354
0.191315328278195,0.92700087021823,1.27466331033946,3.01028893403274
-0.263159989052795,1.01234581289921,0.329842205157229,0.813422996770884
-0.148789846228109,1.14196576606681,1.02737531060302,2.42375527881543
0.295757392867175,0.632538009989163,0.968953205188738,2.36595223215782
1.33286617183854,-0.316086024551119,0.883502325315318,1.57247972783208
-0.134260809368719,0.173795947311098,0.863554821838129,2.93321844810026
1.03410460288128,0.334788369481811,0.0105940462935308,1.93439012996344
1.11499537747937,0.209630376358217,1.15731373557632,2.74154695842856
1.53954456811,-0.3672784128772,1.00049619230219,1.6439144690617
0.0323203727315376,-0.022624281356796,0.0352157159024327,1.5029913277813
1.16901070524457,-0.00337942190621474,1.20527789271318,2.504445735364
1.01649750815864,-0.739947857976435,1.40703323367634,3.24592137906522
0.142831129833843,1.15036718060597,0.867546160086718,2.9160857885405
0.995599296600801,0.169079451245382,0.882124121347777,3.80811731189586
1.0653268935936,-0.0670070475346898,0.0685966343131229,1.70880328591028
-0.135694241353715,0.173141891042714,0.886372097167451,2.83197224481306
0.391693164476075,-0.297311089033904,1.31245576978051,1.43152627552229
0.28972874287468,0.933730082050342,0.161495360753018,2.0414955408434
-0.134949089061464,1.17535687847424,-0.0871294599600928,1.45428980120684
0.00558984492571934,1.55679740092026,0.183513906931433,2.25455670353306
-0.224993169583282,1.0067557751785,0.127926829687597,0.566283340117693
0.0424494524543287,0.0605396014028153,-0.156567577950512,0.423157271377346
-0.0945350644384702,1.15526693134625,0.492413216762764,-0.980634236398223
-0.0920791227920287,-0.159417093161029,0.704009317242683,1.89080389322421
1.25972278007112,-0.0758274916038968,0.446438127880514,1.66669046770206
1.21901186554506,1.32849826474341,0.641132237662075,5.40032330884861
0.0626453178311111,0.0565138538535135,-0.00135147896827404,0.514069103990496
-0.598879073244367,1.230280809382,-0.184638550343458,2.19651999881504
-0.0576829698202366,1.13703640106004,1.11842566860606,2.5813604975591
0.316204560171535,-0.120666687782836,1.47968188747329,2.13608026092449
-0.315667797913535,-0.117405648762361,-0.00944237388709305,-0.00585248418059152
0.249296487275822,0.761988680293447,-0.307621819088208,1.03951090297931
0.872971396849572,-0.148203105408919,-0.0770722904872782,1.33764308951671
-0.0983906936570226,0.941934333467993,1.05083195360805,1.94243647564659
-0.0569201576951097,0.175464998003895,1.00799996857501,1.71707477802525
-0.258459454023681,1.03046655315511,0.942478666499954,3.05332867714457
1.02100567208467,-0.0311046651726246,-0.0651515511998534,2.07545400546587
1.16912381824619,0.0157057052454071,1.30647436945203,3.13850416838071
0.132458211758525,0.160775423920915,0.800712093586922,0.541356803526578
-0.236377825099187,-0.141911403417492,0.560704245718781,0.714526710668933
0.913671338170353,1.12333389304474,1.16207294203964,3.55132053506319
0.843611678232492,0.00249706369848981,0.0887969159802031,1.20056628646003
-0.193463791292894,-0.254822833207317,0.818262798016479,2.9498864524687
-0.120810058813789,-0.110939413429285,-0.115321153963722,0.274541087163572
1.06235470735719,0.0630216246310091,-0.0699700348300988,1.15446411361311
-0.125086631859128,0.903048130383167,0.401104844635041,1.35040534283409
0.194941707611211,1.24987133785564,-0.12908055471842,0.880371168434454
0.703066022130532,-0.139499053227535,1.25995395921709,2.55437025344538
1.19342977525081,-0.29651232344541,-0.13121239469569,2.31656249529527
0.892936983828991,0.127688514422291,-0.2623553401625,2.18830888086374
0.189351114670372,0.985610096109979,1.03298130193279,3.29200608538489
0.0260573648930427,-0.0471391476922934,0.864579653215676,4.0279648963864
0.755069887552448,0.125096044113953,0.82338045207039,1.84074154943833
0.424012100031115,1.14945010544508,0.264401330371153,0.713961464932049
-0.0955653061149161,0.953140378860266,0.474104256604301,-0.945860860095426
0.231425588250708,-0.392797061068926,0.678943965663005,1.98201191671393
0.608720110360243,-0.198302798978229,0.761152301346496,1.72748944535231
-0.1183795140987,0.0891362502297777,0.020782931333258,1.36032620314598
0.0943210426540897,1.16107374683167,0.665735003564834,1.07003066554285
-0.151748760562556,0.739531501979212,0.778604130889497,3.47078571814053
0.23035756750768,-0.263681439910035,1.09967109215617,1.86805630890118
1.19362678817632,0.37268059829597,-0.350388251197417,2.47884331394333
0.11983009060249,-0.251807070438249,0.752572337068709,1.41436310241653
0.739991506390228,-0.194242744513495,0.835224953338569,2.23248705539978
-0.15785071072894,-0.263048024586647,0.944035326914173,1.033505606397
1.1550784495277,-0.0665245740467174,-0.169018386676576,1.89378591962022
1.1447508167459,0.076571760700255,-0.735242219047905,0.962058083971015
-0.0733269772117631,0.139400264202126,-0.118603298744623,0.909574008477695
0.17312456666607,0.242737155699585,0.121269594279597,-0.484312911120341
1.04776739857868,0.423303498236425,0.905741922366224,2.23778941766129
0.112339207317394,0.232769384870059,-0.492972601953191,0.183717810661912
0.202788721312472,0.754752859568584,1.12140333591932,2.00780533966885
0.98509858884527,0.0681794294551455,0.296344515109646,2.21105003151013
1.00815756135173,-0.0470784783634793,0.819226213858318,3.36719722054976
-0.204166864077072,0.0267544341035025,1.49073819760954,2.62796649342842
0.634773745329644,0.930864841684234,0.90437176116727,-0.613327273397437
1.24514809936153,0.217245162719813,1.14505772174854,1.93282661628916
0.0314777621165848,1.06084590447257,0.526611518004708,-0.605647245172347
0.973426776167922,0.0854948748252884,0.249834001330714,2.00213241470556
-0.387736674458191,0.736849389245594,-0.423079963135855,1.98101227987982
1.36853367196011,0.957866835500477,1.24682474326205,3.44420355613039
1.04311951002922,0.462750160138567,0.754678018360389,1.39522555979621
-0.0870733527027054,1.17182724356413,-0.111871544642822,1.6486223717372
-0.0939339619018786,0.686076986560998,0.859306626921612,2.31074059687811
1.21161239304326,0.935429811789367,1.24125464426527,4.18920399060531
-0.184247684120751,-0.0700531271377197,0.150245537217217,-0.342614648266245
0.534680731511306,0.0849087913927061,-0.273766660694337,0.83833066505358
1.04240190879791,0.289763325136871,0.491527632611076,-0.217380086241289
-0.0473380880588299,0.0368531742057282,-0.138192451930313,0.517304100901648
0.108594974407903,0.914925729482406,0.127025563365202,1.29148927046996
1.35905730862649,0.105601308109071,0.0613621278195116,1.59322224638737
1.00937268657313,0.0519728675632738,-0.048643605622325,1.85768743792739
1.47886279951672,0.463448084766833,0.436983844751541,-0.414214831944375
0.829276377618261,-0.0388565565058734,-0.0674575762050765,1.45690910003844
-0.238366093473999,1.06384252280347,1.05877361887327,3.03359762832794
-0.126004221752302,0.229172888360707,0.111112295150991,0.218190686947129
1.01999643535725,0.00987972373455423,0.475118730882181,-0.134869750191617
0.0524789912373767,1.27972207572008,-0.0192850913437461,0.808224770870519
0.944401820134588,0.30577264005062,0.0924111888007782,2.28261176895544
0.772336812094707,0.13720531306001,1.51540745803233,2.77571533836423
0.87062616323277,-0.0966819580989868,0.420195398616861,-0.603869161866288
-0.0318615094654503,1.07414452581842,1.19705183232849,3.0472739309457
0.802286134505977,-0.100864105493794,1.15199877969465,3.58443410645192
0.271916272946094,0.832920082421229,0.212203471852791,0.89926561480219
-0.394669692300212,-0.0832915808672509,0.695998323713601,1.74690693626279
